,imports,exports,netImportExports,POWER GENERATED,ONTARIO DEMAND,TOTAL EMISSIONS,CO2e INTENSITY,nuclearPercentage,hydroPercentage,gasPercentage,windPercentage,biofuelPercentage,solarPercentage,nuclearOutput,hydroOutput,gasOutput,windOutput,biofuelOutput,solarOutput
"Thu Oct 14, 8 AM - 9 AM","1,216 MW","1,565 MW",349 MW,"15,435 MW","15,086 MW",769 tonnes,50 g/kWh,54.7%,23.3%,14.8%,6.7%,0.2%,0.3%,"8,445 MW","3,594 MW","2,291 MW","1,033 MW",31 MW,41 MW
"Thu Oct 14, 9 AM - 10 AM","1,239 MW","1,513 MW",274 MW,"15,536 MW","15,262 MW",759 tonnes,49 g/kWh,54.4%,24.6%,14.9%,5.3%,0.2%,0.6%,"8,444 MW","3,820 MW","2,308 MW",826 MW,38 MW,100 MW
"Thu Oct 14, 10 AM - 11 AM","1,105 MW","1,523 MW",418 MW,"15,824 MW","15,406 MW",970 tonnes,61 g/kWh,53.4%,23.0%,17.8%,4.2%,0.3%,1.3%,"8,445 MW","3,647 MW","2,820 MW",665 MW,47 MW,200 MW
"Thu Oct 14, 11 AM - 12 PM",920 MW,"1,711 MW",791 MW,"16,361 MW","15,570 MW","1,024 tonnes",63 g/kWh,51.6%,23.8%,19.2%,3.7%,0.3%,1.3%,"8,447 MW","3,900 MW","3,144 MW",605 MW,47 MW,218 MW
"Thu Oct 14, 12 PM - 1 PM",919 MW,"1,458 MW",539 MW,"16,222 MW","15,683 MW","1,042 tonnes",64 g/kWh,52.1%,23.5%,19.3%,3.4%,0.3%,1.4%,"8,457 MW","3,817 MW","3,128 MW",551 MW,43 MW,226 MW
"Thu Oct 14, 1 PM - 2 PM","1,023 MW","1,238 MW",215 MW,"16,062 MW","15,847 MW","1,061 tonnes",66 g/kWh,52.6%,24.1%,18.9%,2.8%,0.2%,1.3%,"8,455 MW","3,874 MW","3,036 MW",457 MW,38 MW,202 MW
"Thu Oct 14, 2 PM - 3 PM","1,023 MW","1,702 MW",679 MW,"16,650 MW","15,971 MW","1,166 tonnes",70 g/kWh,50.7%,24.2%,20.2%,3.3%,0.2%,1.4%,"8,447 MW","4,035 MW","3,363 MW",545 MW,31 MW,229 MW
"Thu Oct 14, 3 PM - 4 PM","1,087 MW","1,757 MW",670 MW,"16,766 MW","16,096 MW","1,174 tonnes",70 g/kWh,50.4%,24.8%,19.5%,4.1%,0.2%,1.1%,"8,446 MW","4,153 MW","3,268 MW",685 MW,30 MW,184 MW
"Thu Oct 14, 4 PM - 5 PM","1,029 MW","1,542 MW",513 MW,"17,045 MW","16,532 MW","1,198 tonnes",70 g/kWh,49.5%,25.6%,20.1%,4.1%,0.2%,0.5%,"8,439 MW","4,359 MW","3,423 MW",706 MW,31 MW,87 MW
"Thu Oct 14, 5 PM - 6 PM","1,026 MW","1,409 MW",383 MW,"17,039 MW","16,656 MW","1,216 tonnes",71 g/kWh,49.5%,25.8%,20.6%,3.8%,0.2%,0.2%,"8,435 MW","4,392 MW","3,515 MW",640 MW,31 MW,26 MW
"Thu Oct 14, 6 PM - 7 PM",795 MW,924 MW,129 MW,"16,770 MW","16,641 MW","1,047 tonnes",62 g/kWh,50.3%,27.0%,18.0%,4.5%,0.2%,0.0%,"8,437 MW","4,532 MW","3,016 MW",751 MW,32 MW,2 MW
"Thu Oct 14, 7 PM - 8 PM","1,167 MW","1,118 MW",-49 MW,"16,647 MW","16,696 MW",862 tonnes,52 g/kWh,50.6%,27.1%,15.4%,6.6%,0.2%,0.0%,"8,430 MW","4,514 MW","2,571 MW","1,099 MW",33 MW,0 MW
"Thu Oct 14, 8 PM - 9 PM","1,044 MW","1,332 MW",288 MW,"16,484 MW","16,196 MW",784 tonnes,48 g/kWh,51.1%,28.1%,14.5%,6.1%,0.2%,0.0%,"8,423 MW","4,634 MW","2,389 MW","1,005 MW",33 MW,0 MW
"Thu Oct 14, 9 PM - 10 PM","1,106 MW","1,547 MW",441 MW,"16,078 MW","15,637 MW",821 tonnes,51 g/kWh,52.3%,27.3%,15.6%,4.5%,0.2%,0.0%,"8,414 MW","4,389 MW","2,512 MW",730 MW,33 MW,0 MW
"Thu Oct 14, 10 PM - 11 PM","1,089 MW","1,716 MW",627 MW,"15,415 MW","14,788 MW",823 tonnes,53 g/kWh,54.6%,27.0%,13.5%,4.7%,0.2%,0.0%,"8,416 MW","4,163 MW","2,079 MW",725 MW,32 MW,0 MW
"Fri Oct 15, 11 PM - 12 AM","1,130 MW","1,782 MW",652 MW,"14,353 MW","13,701 MW",583 tonnes,41 g/kWh,58.7%,27.7%,8.6%,4.8%,0.2%,0.0%,"8,427 MW","3,982 MW","1,228 MW",691 MW,25 MW,0 MW
"Fri Oct 15, 12 AM - 1 AM",752 MW,"1,671 MW",919 MW,"13,900 MW","12,981 MW",421 tonnes,30 g/kWh,60.6%,27.9%,6.3%,5.1%,0.1%,0.0%,"8,426 MW","3,882 MW",869 MW,706 MW,17 MW,0 MW
"Fri Oct 15, 1 AM - 2 AM",277 MW,"1,555 MW","1,278 MW","13,678 MW","12,400 MW",317 tonnes,23 g/kWh,61.8%,27.9%,5.0%,5.2%,0.1%,0.0%,"8,453 MW","3,821 MW",679 MW,708 MW,17 MW,0 MW
"Fri Oct 15, 2 AM - 3 AM",404 MW,"1,807 MW","1,403 MW","13,465 MW","12,062 MW",247 tonnes,18 g/kWh,62.9%,28.7%,4.0%,4.3%,0.1%,0.0%,"8,468 MW","3,859 MW",536 MW,585 MW,17 MW,0 MW
"Fri Oct 15, 3 AM - 4 AM",360 MW,"1,861 MW","1,501 MW","13,454 MW","11,953 MW",306 tonnes,23 g/kWh,62.9%,28.7%,4.9%,3.4%,0.1%,0.0%,"8,469 MW","3,861 MW",653 MW,454 MW,17 MW,0 MW
"Fri Oct 15, 4 AM - 5 AM",388 MW,"2,012 MW","1,624 MW","13,569 MW","11,945 MW",390 tonnes,29 g/kWh,62.4%,28.6%,6.1%,2.7%,0.1%,0.0%,"8,472 MW","3,883 MW",824 MW,372 MW,18 MW,0 MW
"Fri Oct 15, 5 AM - 6 AM",779 MW,"1,731 MW",952 MW,"13,486 MW","12,534 MW",439 tonnes,33 g/kWh,62.9%,27.0%,7.9%,2.0%,0.1%,0.0%,"8,478 MW","3,642 MW","1,072 MW",275 MW,19 MW,0 MW
"Fri Oct 15, 6 AM - 7 AM","1,189 MW","1,801 MW",612 MW,"14,214 MW","13,602 MW",591 tonnes,42 g/kWh,59.6%,27.0%,11.7%,1.5%,0.2%,0.0%,"8,474 MW","3,836 MW","1,665 MW",213 MW,26 MW,0 MW
"Fri Oct 15, 7 AM - 8 AM","1,267 MW","1,673 MW",406 MW,"15,363 MW","14,957 MW",927 tonnes,60 g/kWh,55.2%,26.1%,17.4%,1.1%,0.2%,0.0%,"8,475 MW","4,012 MW","2,676 MW",166 MW,32 MW,2 MW
"Fri Oct 15, 8 AM - 9 AM","1,278 MW","1,648 MW",370 MW,"15,803 MW","15,433 MW","1,067 tonnes",68 g/kWh,53.3%,26.0%,19.9%,0.5%,0.2%,0.1%,"8,417 MW","4,108 MW","3,152 MW",72 MW,32 MW,22 MW
"Fri Oct 15, 9 AM - 10 AM","1,272 MW","1,636 MW",364 MW,"16,100 MW","15,736 MW","1,107 tonnes",69 g/kWh,52.2%,26.0%,20.8%,0.3%,0.2%,0.4%,"8,406 MW","4,182 MW","3,353 MW",56 MW,32 MW,71 MW
"Fri Oct 15, 10 AM - 11 AM","1,303 MW","1,718 MW",415 MW,"16,246 MW","15,831 MW","1,126 tonnes",69 g/kWh,51.8%,26.4%,20.9%,0.3%,0.2%,0.5%,"8,411 MW","4,285 MW","3,392 MW",50 MW,31 MW,77 MW
"Fri Oct 15, 11 AM - 12 PM","1,278 MW","1,611 MW",333 MW,"16,168 MW","15,835 MW","1,106 tonnes",68 g/kWh,52.0%,25.7%,20.8%,0.7%,0.2%,0.7%,"8,410 MW","4,149 MW","3,355 MW",107 MW,32 MW,115 MW
"Fri Oct 15, 12 PM - 1 PM","1,321 MW","1,730 MW",409 MW,"16,171 MW","15,762 MW","1,053 tonnes",65 g/kWh,52.0%,26.6%,19.6%,0.7%,0.2%,0.9%,"8,413 MW","4,304 MW","3,162 MW",118 MW,32 MW,142 MW
"Fri Oct 15, 1 PM - 2 PM","1,281 MW","1,530 MW",249 MW,"16,030 MW","15,781 MW","1,019 tonnes",64 g/kWh,52.7%,27.2%,18.4%,0.7%,0.2%,0.8%,"8,453 MW","4,360 MW","2,944 MW",106 MW,32 MW,135 MW
"Fri Oct 15, 2 PM - 3 PM","1,275 MW","1,676 MW",401 MW,"16,233 MW","15,832 MW","1,036 tonnes",64 g/kWh,52.4%,27.2%,19.0%,0.5%,0.2%,0.6%,"8,510 MW","4,412 MW","3,090 MW",88 MW,32 MW,101 MW
"Fri Oct 15, 3 PM - 4 PM","1,099 MW","1,904 MW",805 MW,"16,694 MW","15,889 MW",994 tonnes,60 g/kWh,51.5%,28.8%,18.2%,0.9%,0.2%,0.5%,"8,590 MW","4,803 MW","3,036 MW",154 MW,31 MW,80 MW
"Fri Oct 15, 4 PM - 5 PM","1,304 MW","1,939 MW",635 MW,"16,705 MW","16,070 MW",951 tonnes,57 g/kWh,51.5%,30.0%,16.7%,1.3%,0.2%,0.3%,"8,601 MW","5,009 MW","2,795 MW",225 MW,31 MW,44 MW
"Fri Oct 15, 5 PM - 6 PM",748 MW,"1,784 MW","1,036 MW","17,334 MW","16,298 MW","1,084 tonnes",63 g/kWh,49.7%,29.8%,18.9%,1.4%,0.2%,0.1%,"8,609 MW","5,158 MW","3,274 MW",243 MW,31 MW,19 MW
"Fri Oct 15, 6 PM - 7 PM",440 MW,"1,470 MW","1,030 MW","17,324 MW","16,294 MW","1,120 tonnes",65 g/kWh,49.7%,29.1%,19.8%,1.2%,0.2%,0.0%,"8,606 MW","5,049 MW","3,424 MW",214 MW,31 MW,0 MW
"Fri Oct 15, 7 PM - 8 PM",487 MW,"1,389 MW",902 MW,"17,169 MW","16,267 MW","1,045 tonnes",61 g/kWh,50.2%,29.3%,18.5%,1.8%,0.2%,0.0%,"8,615 MW","5,035 MW","3,170 MW",317 MW,32 MW,0 MW
"Fri Oct 15, 8 PM - 9 PM","1,224 MW","1,892 MW",668 MW,"16,468 MW","15,800 MW",797 tonnes,48 g/kWh,52.3%,29.0%,14.7%,3.8%,0.2%,0.0%,"8,610 MW","4,770 MW","2,426 MW",629 MW,33 MW,0 MW
"Fri Oct 15, 9 PM - 10 PM","1,204 MW","1,645 MW",441 MW,"15,539 MW","15,098 MW",403 tonnes,26 g/kWh,55.4%,25.9%,8.2%,10.3%,0.2%,0.0%,"8,603 MW","4,022 MW","1,276 MW","1,605 MW",33 MW,0 MW
"Fri Oct 15, 10 PM - 11 PM","1,204 MW","1,821 MW",617 MW,"14,875 MW","14,258 MW",342 tonnes,23 g/kWh,57.9%,26.4%,5.4%,10.0%,0.2%,0.0%,"8,615 MW","3,924 MW",810 MW,"1,494 MW",32 MW,0 MW
"Sat Oct 16, 11 PM - 12 AM",664 MW,"1,937 MW","1,273 MW","14,349 MW","13,076 MW",143 tonnes,10 g/kWh,60.1%,30.3%,1.9%,7.6%,0.1%,0.0%,"8,628 MW","4,346 MW",274 MW,"1,085 MW",16 MW,0 MW
"Sat Oct 16, 12 AM - 1 AM",742 MW,"2,350 MW","1,608 MW","13,964 MW","12,356 MW",126 tonnes,9 g/kWh,61.8%,31.2%,1.4%,5.5%,0.0%,0.0%,"8,632 MW","4,362 MW",202 MW,766 MW,2 MW,0 MW
"Sat Oct 16, 1 AM - 2 AM",476 MW,"2,345 MW","1,869 MW","13,665 MW","11,796 MW",130 tonnes,10 g/kWh,63.2%,30.8%,1.5%,4.5%,0.0%,0.0%,"8,637 MW","4,206 MW",208 MW,614 MW,0 MW,0 MW
"Sat Oct 16, 2 AM - 3 AM",476 MW,"2,280 MW","1,804 MW","13,311 MW","11,507 MW",88 tonnes,7 g/kWh,64.9%,28.9%,1.1%,5.1%,0.0%,0.0%,"8,637 MW","3,853 MW",140 MW,681 MW,0 MW,0 MW
"Sat Oct 16, 3 AM - 4 AM",81 MW,"2,308 MW","2,227 MW","13,570 MW","11,343 MW",87 tonnes,6 g/kWh,63.6%,30.0%,1.0%,5.4%,0.0%,0.0%,"8,629 MW","4,066 MW",139 MW,736 MW,0 MW,0 MW
"Sat Oct 16, 4 AM - 5 AM",100 MW,"2,553 MW","2,453 MW","13,716 MW","11,263 MW",87 tonnes,6 g/kWh,62.9%,30.3%,1.0%,5.8%,0.0%,0.0%,"8,634 MW","4,154 MW",139 MW,789 MW,0 MW,0 MW
"Sat Oct 16, 5 AM - 6 AM",100 MW,"2,645 MW","2,545 MW","13,902 MW","11,357 MW",106 tonnes,8 g/kWh,62.1%,30.8%,1.3%,5.8%,0.0%,0.0%,"8,634 MW","4,284 MW",179 MW,805 MW,0 MW,0 MW
"Sat Oct 16, 6 AM - 7 AM",658 MW,"2,656 MW","1,998 MW","13,960 MW","11,962 MW",92 tonnes,7 g/kWh,61.6%,28.4%,1.1%,8.8%,0.0%,0.0%,"8,603 MW","3,970 MW",154 MW,"1,233 MW",0 MW,0 MW
"Sat Oct 16, 7 AM - 8 AM",988 MW,"2,366 MW","1,378 MW","14,049 MW","12,671 MW",123 tonnes,9 g/kWh,61.0%,24.7%,1.7%,12.6%,0.0%,0.0%,"8,573 MW","3,467 MW",236 MW,"1,773 MW",0 MW,0 MW
"Sat Oct 16, 8 AM - 9 AM",789 MW,"2,083 MW","1,294 MW","14,423 MW","13,129 MW",234 tonnes,16 g/kWh,59.4%,25.0%,3.6%,12.0%,0.0%,0.0%,"8,565 MW","3,610 MW",514 MW,"1,731 MW",0 MW,3 MW
"Sat Oct 16, 9 AM - 10 AM","1,011 MW","2,081 MW","1,070 MW","15,021 MW","13,951 MW",254 tonnes,17 g/kWh,57.0%,25.2%,3.7%,13.9%,0.0%,0.2%,"8,561 MW","3,785 MW",553 MW,"2,094 MW",0 MW,28 MW
"Sat Oct 16, 10 AM - 11 AM",638 MW,"2,311 MW","1,673 MW","15,935 MW","14,262 MW",351 tonnes,22 g/kWh,53.7%,27.8%,4.7%,13.3%,0.0%,0.4%,"8,565 MW","4,435 MW",752 MW,"2,113 MW",0 MW,70 MW
"Sat Oct 16, 11 AM - 12 PM",849 MW,"2,537 MW","1,688 MW","15,952 MW","14,264 MW",381 tonnes,24 g/kWh,53.7%,26.8%,5.0%,13.9%,0.0%,0.6%,"8,564 MW","4,279 MW",797 MW,"2,221 MW",0 MW,91 MW
"Sat Oct 16, 12 PM - 1 PM",707 MW,"2,457 MW","1,750 MW","15,956 MW","14,206 MW",333 tonnes,21 g/kWh,54.1%,24.7%,4.5%,16.1%,0.0%,0.7%,"8,632 MW","3,934 MW",718 MW,"2,566 MW",0 MW,106 MW
"Sat Oct 16, 1 PM - 2 PM",87 MW,"2,317 MW","2,230 MW","16,323 MW","14,093 MW",324 tonnes,20 g/kWh,53.0%,22.9%,4.2%,19.0%,0.0%,0.8%,"8,654 MW","3,746 MW",693 MW,"3,101 MW",0 MW,129 MW
"Sat Oct 16, 2 PM - 3 PM",809 MW,"2,436 MW","1,627 MW","15,477 MW","13,850 MW",145 tonnes,9 g/kWh,55.8%,22.3%,1.8%,18.8%,0.0%,1.2%,"8,636 MW","3,459 MW",280 MW,"2,913 MW",0 MW,189 MW
"Sat Oct 16, 3 PM - 4 PM",705 MW,"2,380 MW","1,675 MW","15,355 MW","13,680 MW",212 tonnes,14 g/kWh,56.2%,24.3%,3.0%,15.5%,0.0%,1.0%,"8,637 MW","3,733 MW",460 MW,"2,379 MW",0 MW,146 MW
"Sat Oct 16, 4 PM - 5 PM",74 MW,"2,185 MW","2,111 MW","16,093 MW","13,982 MW",230 tonnes,14 g/kWh,53.7%,24.2%,3.1%,18.4%,0.0%,0.5%,"8,647 MW","3,899 MW",505 MW,"2,954 MW",0 MW,88 MW
"Sat Oct 16, 5 PM - 6 PM",372 MW,"2,289 MW","1,917 MW","16,423 MW","14,506 MW",229 tonnes,14 g/kWh,52.6%,25.8%,3.1%,18.2%,0.0%,0.3%,"8,646 MW","4,233 MW",504 MW,"2,993 MW",0 MW,47 MW
"Sat Oct 16, 6 PM - 7 PM",959 MW,"2,350 MW","1,391 MW","16,245 MW","14,854 MW",229 tonnes,14 g/kWh,53.2%,25.3%,3.1%,18.4%,0.0%,0.0%,"8,650 MW","4,102 MW",503 MW,"2,986 MW",0 MW,4 MW
"Sat Oct 16, 7 PM - 8 PM",37 MW,"2,043 MW","2,006 MW","16,805 MW","14,799 MW",230 tonnes,14 g/kWh,51.5%,25.4%,3.0%,20.1%,0.0%,0.0%,"8,661 MW","4,268 MW",504 MW,"3,372 MW",0 MW,0 MW
"Sat Oct 16, 8 PM - 9 PM",37 MW,"2,305 MW","2,268 MW","16,498 MW","14,230 MW",235 tonnes,14 g/kWh,52.5%,24.4%,3.1%,20.0%,0.0%,0.0%,"8,657 MW","4,021 MW",513 MW,"3,307 MW",0 MW,0 MW
"Sat Oct 16, 9 PM - 10 PM",188 MW,"2,543 MW","2,355 MW","16,010 MW","13,655 MW",144 tonnes,9 g/kWh,54.1%,24.3%,1.8%,19.9%,0.0%,0.0%,"8,657 MW","3,890 MW",284 MW,"3,179 MW",0 MW,0 MW
"Sat Oct 16, 10 PM - 11 PM",48 MW,"2,757 MW","2,709 MW","15,792 MW","13,083 MW",81 tonnes,5 g/kWh,54.9%,24.6%,0.8%,19.7%,0.0%,0.0%,"8,663 MW","3,887 MW",130 MW,"3,112 MW",0 MW,0 MW
"Sun Oct 17, 11 PM - 12 AM",48 MW,"2,723 MW","2,675 MW","14,913 MW","12,238 MW",81 tonnes,5 g/kWh,58.1%,21.9%,0.9%,19.1%,0.0%,0.0%,"8,671 MW","3,262 MW",129 MW,"2,851 MW",0 MW,0 MW
"Sun Oct 17, 12 AM - 1 AM",53 MW,"2,943 MW","2,890 MW","14,576 MW","11,686 MW",81 tonnes,6 g/kWh,59.5%,22.5%,0.9%,17.1%,0.0%,0.0%,"8,675 MW","3,277 MW",129 MW,"2,495 MW",0 MW,0 MW
"Sun Oct 17, 1 AM - 2 AM",76 MW,"3,068 MW","2,992 MW","14,286 MW","11,294 MW",81 tonnes,6 g/kWh,60.8%,21.4%,0.9%,16.9%,0.0%,0.0%,"8,687 MW","3,056 MW",129 MW,"2,414 MW",0 MW,0 MW
"Sun Oct 17, 2 AM - 3 AM",53 MW,"3,082 MW","3,029 MW","14,066 MW","11,037 MW",81 tonnes,6 g/kWh,61.8%,20.5%,0.9%,16.8%,0.0%,0.0%,"8,686 MW","2,885 MW",129 MW,"2,366 MW",0 MW,0 MW
"Sun Oct 17, 3 AM - 4 AM",53 MW,"3,080 MW","3,027 MW","13,902 MW","10,875 MW",81 tonnes,6 g/kWh,62.7%,21.6%,0.9%,14.8%,0.0%,0.0%,"8,710 MW","3,004 MW",129 MW,"2,059 MW",0 MW,0 MW
"Sun Oct 17, 4 AM - 5 AM",72 MW,"3,077 MW","3,005 MW","13,792 MW","10,787 MW",81 tonnes,6 g/kWh,63.2%,22.4%,0.9%,13.4%,0.0%,0.0%,"8,720 MW","3,091 MW",129 MW,"1,852 MW",0 MW,0 MW
"Sun Oct 17, 5 AM - 6 AM",72 MW,"3,090 MW","3,018 MW","13,904 MW","10,886 MW",81 tonnes,6 g/kWh,62.7%,22.4%,0.9%,14.0%,0.0%,0.0%,"8,716 MW","3,116 MW",129 MW,"1,943 MW",0 MW,0 MW
"Sun Oct 17, 6 AM - 7 AM",72 MW,"3,093 MW","3,021 MW","14,311 MW","11,290 MW",81 tonnes,6 g/kWh,61.0%,22.2%,0.9%,16.0%,0.0%,0.0%,"8,723 MW","3,172 MW",129 MW,"2,287 MW",0 MW,0 MW
"Sun Oct 17, 7 AM - 8 AM",28 MW,"2,886 MW","2,858 MW","14,684 MW","11,826 MW",81 tonnes,5 g/kWh,59.5%,24.8%,0.9%,14.8%,0.0%,0.0%,"8,739 MW","3,640 MW",129 MW,"2,174 MW",0 MW,2 MW
"Sun Oct 17, 8 AM - 9 AM",28 MW,"2,794 MW","2,766 MW","14,957 MW","12,191 MW",91 tonnes,6 g/kWh,58.4%,27.4%,1.0%,12.9%,0.0%,0.2%,"8,737 MW","4,094 MW",154 MW,"1,936 MW",0 MW,36 MW
"Sun Oct 17, 9 AM - 10 AM",623 MW,"2,762 MW","2,139 MW","14,846 MW","12,707 MW",88 tonnes,6 g/kWh,58.8%,28.3%,1.0%,11.4%,0.0%,0.5%,"8,735 MW","4,201 MW",147 MW,"1,694 MW",0 MW,69 MW
"Sun Oct 17, 10 AM - 11 AM",153 MW,"2,651 MW","2,498 MW","15,347 MW","12,849 MW",133 tonnes,9 g/kWh,57.0%,30.1%,1.4%,10.5%,0.0%,1.1%,"8,746 MW","4,617 MW",218 MW,"1,604 MW",0 MW,162 MW
"Sun Oct 17, 11 AM - 12 PM",662 MW,"2,460 MW","1,798 MW","15,048 MW","13,250 MW",109 tonnes,7 g/kWh,58.1%,26.3%,1.3%,13.3%,0.0%,1.0%,"8,747 MW","3,951 MW",189 MW,"2,005 MW",0 MW,156 MW
"Sun Oct 17, 12 PM - 1 PM",755 MW,"2,489 MW","1,734 MW","14,864 MW","13,130 MW",126 tonnes,8 g/kWh,58.9%,23.5%,1.6%,14.8%,0.0%,1.2%,"8,753 MW","3,496 MW",244 MW,"2,196 MW",0 MW,175 MW
"Sun Oct 17, 1 PM - 2 PM",667 MW,"2,503 MW","1,836 MW","14,810 MW","12,974 MW",232 tonnes,16 g/kWh,59.1%,23.6%,3.9%,12.4%,0.0%,1.0%,"8,759 MW","3,489 MW",578 MW,"1,838 MW",0 MW,146 MW
"Sun Oct 17, 2 PM - 3 PM",417 MW,"2,635 MW","2,218 MW","15,112 MW","12,894 MW",232 tonnes,15 g/kWh,57.7%,24.0%,4.2%,13.2%,0.0%,0.8%,"8,723 MW","3,633 MW",632 MW,"1,998 MW",0 MW,126 MW
"Sun Oct 17, 3 PM - 4 PM",551 MW,"2,718 MW","2,167 MW","15,431 MW","13,264 MW",230 tonnes,15 g/kWh,56.9%,26.0%,4.7%,11.3%,0.0%,1.1%,"8,779 MW","4,015 MW",728 MW,"1,738 MW",0 MW,171 MW
"Sun Oct 17, 4 PM - 5 PM","1,243 MW","2,735 MW","1,492 MW","15,353 MW","13,861 MW",230 tonnes,15 g/kWh,57.2%,27.6%,5.4%,8.7%,0.0%,1.0%,"8,787 MW","4,241 MW",833 MW,"1,341 MW",0 MW,151 MW
"Sun Oct 17, 5 PM - 6 PM","1,243 MW","2,430 MW","1,187 MW","15,780 MW","14,593 MW",232 tonnes,15 g/kWh,55.7%,28.5%,5.3%,10.1%,0.0%,0.4%,"8,794 MW","4,492 MW",833 MW,"1,598 MW",0 MW,63 MW
"Sun Oct 17, 6 PM - 7 PM","1,188 MW","2,073 MW",885 MW,"15,910 MW","15,025 MW",231 tonnes,15 g/kWh,55.3%,28.8%,5.2%,10.6%,0.0%,0.0%,"8,806 MW","4,581 MW",827 MW,"1,691 MW",0 MW,5 MW
"Sun Oct 17, 7 PM - 8 PM","1,051 MW","2,241 MW","1,190 MW","16,325 MW","15,135 MW",256 tonnes,16 g/kWh,54.0%,29.1%,5.4%,11.6%,0.0%,0.0%,"8,810 MW","4,755 MW",874 MW,"1,886 MW",0 MW,0 MW
"Sun Oct 17, 9 PM - 10 PM",588 MW,"2,883 MW","2,295 MW","16,285 MW","13,990 MW",93 tonnes,6 g/kWh,54.1%,26.1%,2.9%,16.9%,0.0%,0.0%,"8,807 MW","4,254 MW",467 MW,"2,757 MW",0 MW,0 MW
"Mon Oct 18, 11 PM - 12 AM",9 MW,"2,685 MW","2,676 MW","14,991 MW","12,315 MW",93 tonnes,6 g/kWh,58.8%,21.5%,1.0%,18.7%,0.0%,0.0%,"8,813 MW","3,223 MW",150 MW,"2,805 MW",0 MW,0 MW
"Mon Oct 18, 12 AM - 1 AM",53 MW,"2,981 MW","2,928 MW","14,527 MW","11,599 MW",99 tonnes,7 g/kWh,60.7%,21.6%,1.2%,16.5%,0.0%,0.0%,"8,812 MW","3,140 MW",173 MW,"2,402 MW",0 MW,0 MW
"Mon Oct 18, 1 AM - 2 AM",43 MW,"2,558 MW","2,515 MW","13,892 MW","11,377 MW",104 tonnes,7 g/kWh,63.5%,21.3%,1.3%,13.8%,0.1%,0.0%,"8,815 MW","2,960 MW",186 MW,"1,923 MW",8 MW,0 MW
"Mon Oct 18, 2 AM - 3 AM",41 MW,"2,683 MW","2,642 MW","13,904 MW","11,262 MW",100 tonnes,7 g/kWh,63.4%,22.1%,1.3%,13.1%,0.1%,0.0%,"8,818 MW","3,066 MW",176 MW,"1,828 MW",16 MW,0 MW
"Mon Oct 18, 3 AM - 4 AM",41 MW,"2,683 MW","2,642 MW","13,890 MW","11,248 MW",147 tonnes,11 g/kWh,63.5%,21.5%,2.1%,12.8%,0.1%,0.0%,"8,824 MW","2,981 MW",293 MW,"1,774 MW",18 MW,0 MW
"Mon Oct 18, 4 AM - 5 AM",41 MW,"2,683 MW","2,642 MW","14,027 MW","11,385 MW",203 tonnes,15 g/kWh,62.8%,21.5%,3.7%,11.9%,0.1%,0.0%,"8,814 MW","3,018 MW",512 MW,"1,665 MW",18 MW,0 MW
"Mon Oct 18, 5 AM - 6 AM",126 MW,"2,593 MW","2,467 MW","14,363 MW","11,896 MW",311 tonnes,22 g/kWh,61.4%,21.8%,6.3%,10.4%,0.1%,0.0%,"8,813 MW","3,134 MW",898 MW,"1,497 MW",21 MW,0 MW
"Mon Oct 18, 6 AM - 7 AM",914 MW,"2,631 MW","1,717 MW","14,993 MW","13,276 MW",325 tonnes,22 g/kWh,58.8%,23.8%,7.2%,10.0%,0.2%,0.0%,"8,815 MW","3,573 MW","1,072 MW","1,505 MW",28 MW,0 MW
"Mon Oct 18, 7 AM - 8 AM","1,044 MW","2,513 MW","1,469 MW","16,205 MW","14,736 MW",377 tonnes,23 g/kWh,54.4%,26.4%,7.4%,11.7%,0.2%,0.0%,"8,810 MW","4,273 MW","1,202 MW","1,888 MW",29 MW,3 MW
"Mon Oct 18, 8 AM - 9 AM","1,044 MW","2,175 MW","1,131 MW","16,272 MW","15,141 MW",446 tonnes,27 g/kWh,54.1%,25.0%,8.4%,11.9%,0.2%,0.3%,"8,809 MW","4,064 MW","1,373 MW","1,944 MW",31 MW,51 MW
"Mon Oct 18, 9 AM - 10 AM",925 MW,"2,349 MW","1,424 MW","16,414 MW","14,990 MW",463 tonnes,28 g/kWh,53.7%,25.3%,8.6%,11.1%,0.2%,1.0%,"8,818 MW","4,150 MW","1,419 MW","1,830 MW",32 MW,165 MW
"Mon Oct 18, 10 AM - 11 AM",709 MW,"2,308 MW","1,599 MW","16,490 MW","14,891 MW",501 tonnes,30 g/kWh,53.5%,23.5%,9.2%,12.2%,0.2%,1.5%,"8,826 MW","3,867 MW","1,512 MW","2,005 MW",33 MW,247 MW
"Mon Oct 18, 11 AM - 12 PM",265 MW,"2,411 MW","2,146 MW","16,413 MW","14,267 MW",491 tonnes,30 g/kWh,53.9%,22.2%,9.1%,12.8%,0.2%,1.8%,"8,839 MW","3,646 MW","1,489 MW","2,108 MW",32 MW,299 MW
"Mon Oct 18, 12 PM - 1 PM",115 MW,"2,319 MW","2,204 MW","16,212 MW","14,008 MW",484 tonnes,30 g/kWh,54.6%,21.9%,9.1%,12.2%,0.2%,2.1%,"8,847 MW","3,549 MW","1,475 MW","1,971 MW",33 MW,337 MW
"Mon Oct 18, 1 PM - 2 PM",563 MW,"2,422 MW","1,859 MW","15,881 MW","14,022 MW",493 tonnes,31 g/kWh,55.8%,23.8%,8.0%,10.4%,0.2%,2.0%,"8,854 MW","3,774 MW","1,265 MW","1,644 MW",32 MW,312 MW
"Mon Oct 18, 2 PM - 3 PM",893 MW,"2,697 MW","1,804 MW","15,659 MW","13,855 MW",510 tonnes,33 g/kWh,56.5%,23.6%,8.1%,9.7%,0.2%,1.9%,"8,852 MW","3,701 MW","1,267 MW","1,514 MW",32 MW,293 MW
"Mon Oct 18, 4 PM - 5 PM","1,202 MW","2,368 MW","1,166 MW","15,747 MW","14,581 MW",601 tonnes,38 g/kWh,56.1%,24.9%,11.3%,6.0%,0.2%,1.5%,"8,836 MW","3,914 MW","1,780 MW",952 MW,32 MW,233 MW
"Mon Oct 18, 5 PM - 6 PM","1,080 MW","2,398 MW","1,318 MW","16,679 MW","15,361 MW",654 tonnes,39 g/kWh,53.0%,28.7%,11.5%,6.0%,0.2%,0.6%,"8,832 MW","4,787 MW","1,916 MW","1,009 MW",32 MW,103 MW
"Mon Oct 18, 6 PM - 7 PM","1,271 MW","2,038 MW",767 MW,"16,760 MW","15,993 MW",833 tonnes,50 g/kWh,52.7%,29.4%,13.9%,3.7%,0.2%,0.0%,"8,835 MW","4,923 MW","2,338 MW",625 MW,32 MW,7 MW
"Mon Oct 18, 7 PM - 8 PM","1,372 MW","1,922 MW",550 MW,"16,801 MW","16,251 MW",885 tonnes,53 g/kWh,52.6%,28.9%,14.6%,3.7%,0.2%,0.0%,"8,835 MW","4,860 MW","2,446 MW",628 MW,32 MW,0 MW
"Mon Oct 18, 8 PM - 9 PM","1,391 MW","1,774 MW",383 MW,"16,120 MW","15,737 MW",683 tonnes,42 g/kWh,54.8%,28.1%,12.1%,4.8%,0.2%,0.0%,"8,837 MW","4,522 MW","1,948 MW",781 MW,32 MW,0 MW
"Mon Oct 18, 9 PM - 10 PM","1,072 MW","1,924 MW",852 MW,"15,937 MW","15,085 MW",733 tonnes,46 g/kWh,55.4%,26.3%,13.1%,5.0%,0.2%,0.0%,"8,837 MW","4,190 MW","2,081 MW",796 MW,33 MW,0 MW
"Mon Oct 18, 10 PM - 11 PM","1,116 MW","2,205 MW","1,089 MW","15,117 MW","14,028 MW",587 tonnes,39 g/kWh,58.4%,25.6%,11.5%,4.4%,0.2%,0.0%,"8,822 MW","3,866 MW","1,732 MW",665 MW,32 MW,0 MW
"Tue Oct 19, 11 PM - 12 AM","1,122 MW","2,197 MW","1,075 MW","14,068 MW","12,993 MW",348 tonnes,25 g/kWh,62.8%,25.0%,6.4%,5.6%,0.1%,0.0%,"8,838 MW","3,523 MW",901 MW,785 MW,21 MW,0 MW
"Tue Oct 19, 12 AM - 1 AM","1,099 MW","2,045 MW",946 MW,"13,347 MW","12,401 MW",126 tonnes,9 g/kWh,66.3%,24.2%,1.8%,7.6%,0.1%,0.0%,"8,850 MW","3,224 MW",244 MW,"1,013 MW",16 MW,0 MW
"Tue Oct 19, 1 AM - 2 AM",463 MW,"2,077 MW","1,614 MW","13,474 MW","11,860 MW",86 tonnes,6 g/kWh,65.7%,24.9%,1.0%,8.2%,0.1%,0.0%,"8,857 MW","3,358 MW",137 MW,"1,107 MW",15 MW,0 MW
"Tue Oct 19, 2 AM - 3 AM",72 MW,"2,119 MW","2,047 MW","13,670 MW","11,623 MW",85 tonnes,6 g/kWh,64.8%,26.1%,1.0%,8.0%,0.1%,0.0%,"8,861 MW","3,567 MW",136 MW,"1,091 MW",15 MW,0 MW
"Tue Oct 19, 3 AM - 4 AM",321 MW,"2,616 MW","2,295 MW","13,786 MW","11,491 MW",95 tonnes,7 g/kWh,64.2%,26.8%,1.2%,7.8%,0.1%,0.0%,"8,847 MW","3,690 MW",161 MW,"1,073 MW",15 MW,0 MW
"Tue Oct 19, 4 AM - 5 AM",69 MW,"2,552 MW","2,483 MW","14,210 MW","11,727 MW",139 tonnes,10 g/kWh,62.2%,27.6%,2.4%,7.7%,0.1%,0.0%,"8,842 MW","3,919 MW",335 MW,"1,097 MW",17 MW,0 MW
"Tue Oct 19, 5 AM - 6 AM",525 MW,"2,640 MW","2,115 MW","14,466 MW","12,351 MW",248 tonnes,17 g/kWh,61.1%,26.4%,5.1%,7.2%,0.2%,0.0%,"8,839 MW","3,820 MW",741 MW,"1,044 MW",22 MW,0 MW
"Tue Oct 19, 6 AM - 7 AM","1,099 MW","2,546 MW","1,447 MW","15,047 MW","13,600 MW",330 tonnes,22 g/kWh,58.7%,26.7%,7.0%,7.4%,0.2%,0.0%,"8,840 MW","4,016 MW","1,052 MW","1,111 MW",28 MW,0 MW
"Tue Oct 19, 7 AM - 8 AM","1,067 MW","2,218 MW","1,151 MW","16,059 MW","14,908 MW",417 tonnes,26 g/kWh,55.0%,29.4%,8.3%,7.0%,0.2%,0.0%,"8,840 MW","4,729 MW","1,328 MW","1,127 MW",32 MW,3 MW
"Tue Oct 19, 8 AM - 9 AM","1,067 MW","1,812 MW",745 MW,"15,902 MW","15,157 MW",424 tonnes,27 g/kWh,55.6%,28.2%,8.3%,7.0%,0.2%,0.6%,"8,846 MW","4,491 MW","1,326 MW","1,117 MW",33 MW,89 MW
"Tue Oct 19, 9 AM - 10 AM","1,075 MW","2,105 MW","1,030 MW","15,794 MW","14,764 MW",411 tonnes,26 g/kWh,56.0%,27.7%,8.2%,6.4%,0.2%,1.5%,"8,844 MW","4,379 MW","1,288 MW","1,006 MW",33 MW,244 MW
"Tue Oct 19, 10 AM - 11 AM",647 MW,"2,178 MW","1,531 MW","15,975 MW","14,444 MW",587 tonnes,37 g/kWh,55.4%,26.9%,11.1%,4.2%,0.3%,2.2%,"8,844 MW","4,297 MW","1,770 MW",667 MW,43 MW,354 MW
"Tue Oct 19, 11 AM - 12 PM",966 MW,"2,511 MW","1,545 MW","15,739 MW","14,194 MW",568 tonnes,36 g/kWh,56.2%,25.2%,11.0%,4.7%,0.4%,2.6%,"8,847 MW","3,963 MW","1,728 MW",736 MW,56 MW,409 MW
"Tue Oct 19, 12 PM - 1 PM","1,128 MW","2,419 MW","1,291 MW","15,349 MW","14,058 MW",498 tonnes,32 g/kWh,57.6%,24.9%,8.1%,6.2%,0.4%,2.7%,"8,847 MW","3,822 MW","1,249 MW",956 MW,56 MW,419 MW
"Tue Oct 19, 1 PM - 2 PM",723 MW,"2,280 MW","1,557 MW","15,448 MW","13,891 MW",549 tonnes,36 g/kWh,57.3%,23.8%,8.9%,6.9%,0.4%,2.7%,"8,850 MW","3,678 MW","1,375 MW","1,069 MW",55 MW,421 MW
"Tue Oct 19, 2 PM - 3 PM",49 MW,"2,247 MW","2,198 MW","16,028 MW","13,830 MW",586 tonnes,37 g/kWh,55.2%,24.2%,10.1%,7.7%,0.3%,2.5%,"8,851 MW","3,877 MW","1,617 MW","1,227 MW",53 MW,403 MW
"Tue Oct 19, 3 PM - 4 PM",35 MW,"2,065 MW","2,030 MW","16,033 MW","14,003 MW",498 tonnes,31 g/kWh,55.3%,23.8%,9.5%,9.1%,0.3%,2.1%,"8,859 MW","3,810 MW","1,519 MW","1,454 MW",55 MW,336 MW
"Tue Oct 19, 4 PM - 5 PM",694 MW,"2,187 MW","1,493 MW","16,138 MW","14,645 MW",479 tonnes,30 g/kWh,54.8%,24.7%,9.0%,9.7%,0.3%,1.4%,"8,847 MW","3,980 MW","1,455 MW","1,570 MW",54 MW,232 MW
"Tue Oct 19, 5 PM - 6 PM",703 MW,"1,876 MW","1,173 MW","16,673 MW","15,500 MW",526 tonnes,32 g/kWh,53.1%,27.4%,9.5%,9.1%,0.3%,0.5%,"8,852 MW","4,575 MW","1,588 MW","1,516 MW",51 MW,91 MW
"Tue Oct 19, 6 PM - 7 PM",746 MW,"1,864 MW","1,118 MW","17,002 MW","15,884 MW",634 tonnes,37 g/kWh,52.1%,26.8%,11.2%,9.7%,0.2%,0.0%,"8,854 MW","4,557 MW","1,901 MW","1,645 MW",41 MW,4 MW
"Tue Oct 19, 7 PM - 8 PM",786 MW,"1,512 MW",726 MW,"16,788 MW","16,062 MW",593 tonnes,35 g/kWh,52.7%,25.8%,10.5%,10.8%,0.2%,0.0%,"8,853 MW","4,327 MW","1,760 MW","1,816 MW",32 MW,0 MW
"Tue Oct 19, 8 PM - 9 PM",784 MW,"1,833 MW","1,049 MW","16,547 MW","15,498 MW",503 tonnes,30 g/kWh,53.5%,24.9%,9.1%,12.3%,0.2%,0.0%,"8,849 MW","4,125 MW","1,511 MW","2,030 MW",32 MW,0 MW
"Tue Oct 19, 9 PM - 10 PM",785 MW,"2,086 MW","1,301 MW","16,043 MW","14,742 MW",347 tonnes,22 g/kWh,55.2%,23.4%,7.0%,14.2%,0.2%,0.0%,"8,851 MW","3,759 MW","1,127 MW","2,273 MW",33 MW,0 MW
"Tue Oct 19, 10 PM - 11 PM",683 MW,"2,181 MW","1,498 MW","15,275 MW","13,777 MW",244 tonnes,16 g/kWh,57.9%,23.2%,4.1%,14.6%,0.2%,0.0%,"8,845 MW","3,545 MW",628 MW,"2,224 MW",33 MW,0 MW
"Wed Oct 20, 11 PM - 12 AM",188 MW,"2,386 MW","2,198 MW","14,958 MW","12,760 MW",108 tonnes,7 g/kWh,59.2%,22.7%,1.3%,16.7%,0.1%,0.0%,"8,852 MW","3,391 MW",194 MW,"2,501 MW",20 MW,0 MW
"Wed Oct 20, 12 AM - 1 AM",60 MW,"2,670 MW","2,610 MW","14,602 MW","11,992 MW",84 tonnes,6 g/kWh,60.6%,20.8%,0.9%,17.5%,0.1%,0.0%,"8,854 MW","3,043 MW",135 MW,"2,554 MW",16 MW,0 MW
"Wed Oct 20, 1 AM - 2 AM",60 MW,"2,661 MW","2,601 MW","14,124 MW","11,523 MW",81 tonnes,6 g/kWh,62.7%,19.8%,0.9%,16.5%,0.1%,0.0%,"8,853 MW","2,797 MW",129 MW,"2,329 MW",16 MW,0 MW
"Wed Oct 20, 2 AM - 3 AM",60 MW,"2,819 MW","2,759 MW","14,133 MW","11,374 MW",83 tonnes,6 g/kWh,62.7%,20.0%,1.0%,16.2%,0.1%,0.0%,"8,855 MW","2,832 MW",135 MW,"2,295 MW",16 MW,0 MW
"Wed Oct 20, 3 AM - 4 AM",60 MW,"2,935 MW","2,875 MW","14,251 MW","11,376 MW",167 tonnes,12 g/kWh,62.2%,20.0%,2.4%,15.3%,0.1%,0.0%,"8,858 MW","2,846 MW",346 MW,"2,185 MW",16 MW,0 MW
"Wed Oct 20, 4 AM - 5 AM",60 MW,"2,961 MW","2,901 MW","14,372 MW","11,471 MW",291 tonnes,20 g/kWh,61.7%,19.6%,4.6%,14.0%,0.1%,0.0%,"8,862 MW","2,813 MW",666 MW,"2,015 MW",16 MW,0 MW
"Wed Oct 20, 5 AM - 6 AM",60 MW,"2,654 MW","2,594 MW","14,612 MW","12,018 MW",526 tonnes,36 g/kWh,60.6%,19.3%,8.7%,11.3%,0.1%,0.0%,"8,852 MW","2,818 MW","1,270 MW","1,651 MW",21 MW,0 MW
"Wed Oct 20, 6 AM - 7 AM",111 MW,"2,005 MW","1,894 MW","15,084 MW","13,190 MW",683 tonnes,45 g/kWh,58.7%,20.1%,11.1%,10.0%,0.2%,0.0%,"8,853 MW","3,029 MW","1,672 MW","1,503 MW",27 MW,0 MW
"Wed Oct 20, 7 AM - 8 AM",584 MW,"2,186 MW","1,602 MW","16,077 MW","14,475 MW",745 tonnes,46 g/kWh,55.1%,23.3%,11.2%,10.3%,0.2%,0.0%,"8,851 MW","3,747 MW","1,796 MW","1,648 MW",32 MW,3 MW
"Wed Oct 20, 8 AM - 9 AM",501 MW,"2,204 MW","1,703 MW","16,340 MW","14,637 MW",790 tonnes,48 g/kWh,54.2%,24.8%,11.6%,8.9%,0.2%,0.4%,"8,851 MW","4,049 MW","1,890 MW","1,447 MW",32 MW,71 MW
"Wed Oct 20, 9 AM - 10 AM",257 MW,"2,103 MW","1,846 MW","16,231 MW","14,385 MW",771 tonnes,47 g/kWh,54.5%,25.9%,11.4%,6.8%,0.2%,1.2%,"8,851 MW","4,208 MW","1,846 MW","1,104 MW",29 MW,193 MW
"Wed Oct 20, 10 AM - 11 AM",117 MW,"2,129 MW","2,012 MW","16,333 MW","14,321 MW",858 tonnes,53 g/kWh,54.2%,26.0%,12.6%,5.4%,0.2%,1.6%,"8,849 MW","4,249 MW","2,051 MW",889 MW,31 MW,264 MW
"Wed Oct 20, 11 AM - 12 PM",550 MW,"2,051 MW","1,501 MW","15,902 MW","14,401 MW",804 tonnes,51 g/kWh,55.6%,25.8%,12.0%,4.7%,0.2%,1.6%,"8,844 MW","4,106 MW","1,913 MW",755 MW,31 MW,253 MW
"Wed Oct 20, 12 PM - 1 PM",647 MW,"2,062 MW","1,415 MW","16,071 MW","14,656 MW",900 tonnes,56 g/kWh,55.0%,24.9%,13.3%,4.8%,0.2%,1.9%,"8,832 MW","3,994 MW","2,141 MW",768 MW,32 MW,304 MW
"Wed Oct 20, 1 PM - 2 PM",692 MW,"1,888 MW","1,196 MW","16,012 MW","14,816 MW",809 tonnes,51 g/kWh,55.2%,24.6%,12.1%,6.3%,0.2%,1.7%,"8,831 MW","3,941 MW","1,937 MW","1,005 MW",32 MW,266 MW
"Wed Oct 20, 2 PM - 3 PM",742 MW,"1,771 MW","1,029 MW","15,842 MW","14,813 MW",676 tonnes,43 g/kWh,55.7%,24.3%,10.3%,8.1%,0.2%,1.3%,"8,831 MW","3,850 MW","1,635 MW","1,290 MW",32 MW,204 MW
"Wed Oct 20, 3 PM - 4 PM",636 MW,"1,663 MW","1,027 MW","15,816 MW","14,789 MW",689 tonnes,44 g/kWh,55.8%,23.5%,10.7%,8.7%,0.2%,1.0%,"8,832 MW","3,716 MW","1,693 MW","1,382 MW",33 MW,160 MW
"Wed Oct 20, 4 PM - 5 PM",896 MW,"1,764 MW",868 MW,"16,221 MW","15,353 MW",722 tonnes,45 g/kWh,54.5%,24.1%,10.9%,9.8%,0.2%,0.6%,"8,833 MW","3,903 MW","1,775 MW","1,582 MW",33 MW,95 MW
"Wed Oct 20, 5 PM - 6 PM","1,127 MW","2,087 MW",960 MW,"16,635 MW","15,675 MW",798 tonnes,48 g/kWh,53.1%,26.3%,11.8%,8.3%,0.2%,0.3%,"8,836 MW","4,375 MW","1,957 MW","1,385 MW",35 MW,47 MW
"Wed Oct 20, 6 PM - 7 PM","1,127 MW","2,099 MW",972 MW,"16,915 MW","15,943 MW","1,015 tonnes",60 g/kWh,52.2%,26.5%,14.6%,6.4%,0.2%,0.0%,"8,835 MW","4,487 MW","2,468 MW","1,090 MW",32 MW,3 MW
"Wed Oct 20, 7 PM - 8 PM","1,127 MW","1,941 MW",814 MW,"16,886 MW","16,072 MW","1,060 tonnes",63 g/kWh,52.3%,25.3%,15.1%,7.1%,0.2%,0.0%,"8,837 MW","4,266 MW","2,550 MW","1,200 MW",33 MW,0 MW
"Wed Oct 20, 8 PM - 9 PM","1,127 MW","1,831 MW",704 MW,"16,634 MW","15,930 MW",823 tonnes,49 g/kWh,53.1%,25.0%,11.9%,9.8%,0.2%,0.0%,"8,835 MW","4,157 MW","1,984 MW","1,625 MW",33 MW,0 MW
"Wed Oct 20, 9 PM - 10 PM","1,018 MW","1,726 MW",708 MW,"15,697 MW","14,989 MW",548 tonnes,35 g/kWh,56.3%,25.0%,8.3%,10.2%,0.2%,0.0%,"8,832 MW","3,924 MW","1,305 MW","1,602 MW",34 MW,0 MW
"Wed Oct 20, 10 PM - 11 PM","1,108 MW","2,012 MW",904 MW,"14,928 MW","14,024 MW",295 tonnes,20 g/kWh,59.2%,25.0%,4.6%,11.0%,0.2%,0.0%,"8,834 MW","3,731 MW",684 MW,"1,646 MW",33 MW,0 MW
"Thu Oct 21, 11 PM - 12 AM",693 MW,"2,216 MW","1,523 MW","14,432 MW","12,909 MW",182 tonnes,13 g/kWh,61.2%,24.4%,2.7%,11.5%,0.2%,0.0%,"8,838 MW","3,527 MW",390 MW,"1,654 MW",23 MW,0 MW
"Thu Oct 21, 12 AM - 1 AM",84 MW,"2,121 MW","2,037 MW","14,219 MW","12,182 MW",165 tonnes,12 g/kWh,62.2%,23.9%,2.4%,11.4%,0.1%,0.0%,"8,841 MW","3,397 MW",341 MW,"1,624 MW",16 MW,0 MW
"Thu Oct 21, 1 AM - 2 AM",61 MW,"2,184 MW","2,123 MW","13,897 MW","11,774 MW",98 tonnes,7 g/kWh,63.6%,23.0%,1.2%,12.0%,0.1%,0.0%,"8,843 MW","3,196 MW",173 MW,"1,669 MW",16 MW,0 MW
"Thu Oct 21, 2 AM - 3 AM",61 MW,"2,376 MW","2,315 MW","13,980 MW","11,665 MW",115 tonnes,8 g/kWh,63.3%,22.7%,1.6%,12.4%,0.1%,0.0%,"8,843 MW","3,170 MW",218 MW,"1,733 MW",16 MW,0 MW
"Thu Oct 21, 3 AM - 4 AM",114 MW,"2,664 MW","2,550 MW","14,025 MW","11,475 MW",199 tonnes,14 g/kWh,63.1%,21.7%,3.1%,12.0%,0.1%,0.0%,"8,848 MW","3,038 MW",441 MW,"1,682 MW",16 MW,0 MW
"Thu Oct 21, 4 AM - 5 AM",104 MW,"2,688 MW","2,584 MW","14,230 MW","11,646 MW",323 tonnes,23 g/kWh,62.2%,20.9%,5.4%,11.5%,0.1%,0.0%,"8,850 MW","2,967 MW",762 MW,"1,635 MW",16 MW,0 MW
"Thu Oct 21, 5 AM - 6 AM",107 MW,"2,311 MW","2,204 MW","14,352 MW","12,148 MW",422 tonnes,29 g/kWh,61.7%,19.9%,7.1%,11.3%,0.1%,0.0%,"8,850 MW","2,850 MW","1,017 MW","1,615 MW",20 MW,0 MW
"Thu Oct 21, 6 AM - 7 AM",712 MW,"2,216 MW","1,504 MW","14,755 MW","13,251 MW",560 tonnes,38 g/kWh,59.9%,20.3%,9.3%,10.3%,0.2%,0.0%,"8,843 MW","2,988 MW","1,367 MW","1,527 MW",30 MW,0 MW
"Thu Oct 21, 7 AM - 8 AM",705 MW,"1,913 MW","1,208 MW","15,893 MW","14,685 MW",696 tonnes,44 g/kWh,55.6%,21.8%,10.6%,11.8%,0.2%,0.0%,"8,843 MW","3,467 MW","1,680 MW","1,871 MW",32 MW,0 MW
"Thu Oct 21, 8 AM - 9 AM","1,122 MW","2,197 MW","1,075 MW","16,459 MW","15,384 MW",790 tonnes,48 g/kWh,53.7%,21.6%,11.5%,12.9%,0.2%,0.0%,"8,840 MW","3,549 MW","1,901 MW","2,129 MW",32 MW,8 MW
"Thu Oct 21, 10 AM - 11 AM",522 MW,"2,022 MW","1,500 MW","17,195 MW","15,695 MW",889 tonnes,52 g/kWh,51.4%,23.7%,12.6%,11.9%,0.2%,0.2%,"8,845 MW","4,077 MW","2,158 MW","2,041 MW",36 MW,38 MW
"Thu Oct 21, 11 AM - 12 PM",753 MW,"2,119 MW","1,366 MW","16,996 MW","15,630 MW",813 tonnes,48 g/kWh,52.0%,23.3%,11.5%,12.5%,0.2%,0.5%,"8,832 MW","3,962 MW","1,959 MW","2,126 MW",32 MW,85 MW
"Thu Oct 21, 12 PM - 1 PM",753 MW,"2,170 MW","1,417 MW","16,668 MW","15,251 MW",730 tonnes,44 g/kWh,52.9%,23.0%,10.5%,12.8%,0.2%,0.6%,"8,820 MW","3,835 MW","1,749 MW","2,139 MW",33 MW,92 MW
"Thu Oct 21, 1 PM - 2 PM",747 MW,"2,168 MW","1,421 MW","16,390 MW","14,969 MW",586 tonnes,36 g/kWh,53.8%,21.9%,8.7%,14.7%,0.2%,0.6%,"8,819 MW","3,597 MW","1,422 MW","2,414 MW",32 MW,106 MW
"Thu Oct 21, 2 PM - 3 PM",671 MW,"2,118 MW","1,447 MW","16,261 MW","14,814 MW",483 tonnes,30 g/kWh,54.2%,22.9%,7.3%,14.5%,0.2%,0.9%,"8,819 MW","3,725 MW","1,180 MW","2,365 MW",32 MW,140 MW
"Thu Oct 21, 3 PM - 4 PM",22 MW,"2,149 MW","2,127 MW","17,063 MW","14,936 MW",615 tonnes,36 g/kWh,51.8%,24.4%,8.6%,14.6%,0.2%,0.5%,"8,836 MW","4,157 MW","1,468 MW","2,492 MW",33 MW,77 MW
"Thu Oct 21, 4 PM - 5 PM",627 MW,"2,186 MW","1,559 MW","17,173 MW","15,614 MW",647 tonnes,38 g/kWh,51.5%,23.5%,9.0%,15.5%,0.2%,0.3%,"8,838 MW","4,044 MW","1,539 MW","2,668 MW",27 MW,57 MW
"Thu Oct 21, 5 PM - 6 PM","1,136 MW","2,121 MW",985 MW,"16,936 MW","15,951 MW",486 tonnes,29 g/kWh,52.2%,23.3%,7.0%,17.2%,0.2%,0.1%,"8,841 MW","3,952 MW","1,183 MW","2,908 MW",29 MW,23 MW
"Thu Oct 21, 6 PM - 7 PM","1,144 MW","2,198 MW","1,054 MW","17,053 MW","15,999 MW",469 tonnes,27 g/kWh,51.8%,23.1%,6.7%,18.2%,0.2%,0.0%,"8,840 MW","3,935 MW","1,145 MW","3,101 MW",32 MW,0 MW
"Thu Oct 21, 7 PM - 8 PM","1,139 MW","2,191 MW","1,052 MW","17,038 MW","15,986 MW",335 tonnes,20 g/kWh,51.9%,24.5%,4.6%,18.8%,0.2%,0.0%,"8,837 MW","4,169 MW",792 MW,"3,208 MW",32 MW,0 MW
"Thu Oct 21, 8 PM - 9 PM","1,134 MW","2,266 MW","1,132 MW","16,730 MW","15,598 MW",308 tonnes,18 g/kWh,52.8%,24.9%,4.3%,17.8%,0.2%,0.0%,"8,834 MW","4,167 MW",723 MW,"2,971 MW",35 MW,0 MW
"Thu Oct 21, 9 PM - 10 PM","1,129 MW","2,495 MW","1,366 MW","16,354 MW","14,988 MW",334 tonnes,20 g/kWh,54.0%,24.0%,4.6%,17.1%,0.2%,0.0%,"8,831 MW","3,933 MW",754 MW,"2,803 MW",33 MW,0 MW
"Thu Oct 21, 10 PM - 11 PM",420 MW,"2,436 MW","2,016 MW","16,096 MW","14,080 MW",259 tonnes,16 g/kWh,54.9%,23.3%,3.7%,18.0%,0.2%,0.0%,"8,829 MW","3,753 MW",591 MW,"2,891 MW",32 MW,0 MW
"Fri Oct 22, 11 PM - 12 AM",59 MW,"2,498 MW","2,439 MW","15,325 MW","12,886 MW",120 tonnes,8 g/kWh,57.6%,21.4%,1.5%,19.3%,0.2%,0.0%,"8,833 MW","3,278 MW",231 MW,"2,960 MW",23 MW,0 MW
"Fri Oct 22, 12 AM - 1 AM",68 MW,"2,869 MW","2,801 MW","15,108 MW","12,307 MW",83 tonnes,5 g/kWh,58.5%,22.8%,0.9%,17.7%,0.1%,0.0%,"8,838 MW","3,443 MW",133 MW,"2,678 MW",16 MW,0 MW
"Fri Oct 22, 1 AM - 2 AM",42 MW,"3,093 MW","3,051 MW","14,972 MW","11,921 MW",82 tonnes,5 g/kWh,59.0%,22.1%,0.9%,17.9%,0.1%,0.0%,"8,834 MW","3,314 MW",132 MW,"2,677 MW",15 MW,0 MW
"Fri Oct 22, 2 AM - 3 AM",42 MW,"3,108 MW","3,066 MW","14,756 MW","11,690 MW",90 tonnes,6 g/kWh,59.9%,21.8%,1.0%,17.3%,0.1%,0.0%,"8,832 MW","3,214 MW",149 MW,"2,546 MW",15 MW,0 MW
"Fri Oct 22, 3 AM - 4 AM",42 MW,"3,084 MW","3,042 MW","14,675 MW","11,633 MW",174 tonnes,12 g/kWh,60.2%,23.1%,2.4%,14.2%,0.1%,0.0%,"8,839 MW","3,386 MW",347 MW,"2,088 MW",15 MW,0 MW
"Fri Oct 22, 4 AM - 5 AM",42 MW,"3,108 MW","3,066 MW","14,814 MW","11,748 MW",330 tonnes,22 g/kWh,59.6%,24.3%,4.9%,11.1%,0.1%,0.0%,"8,829 MW","3,599 MW",719 MW,"1,651 MW",16 MW,0 MW
"Fri Oct 22, 5 AM - 6 AM",281 MW,"2,647 MW","2,366 MW","14,734 MW","12,368 MW",556 tonnes,38 g/kWh,60.0%,22.8%,9.0%,8.0%,0.1%,0.0%,"8,845 MW","3,359 MW","1,324 MW","1,186 MW",20 MW,0 MW
"Fri Oct 22, 6 AM - 7 AM",760 MW,"2,596 MW","1,836 MW","15,348 MW","13,512 MW",808 tonnes,53 g/kWh,57.6%,23.3%,12.6%,6.3%,0.2%,0.0%,"8,842 MW","3,578 MW","1,927 MW",972 MW,29 MW,0 MW
"Fri Oct 22, 7 AM - 8 AM",938 MW,"2,001 MW","1,063 MW","16,075 MW","15,012 MW","1,047 tonnes",65 g/kWh,55.0%,23.7%,15.5%,5.5%,0.2%,0.0%,"8,848 MW","3,814 MW","2,499 MW",879 MW,33 MW,2 MW
"Fri Oct 22, 8 AM - 9 AM","1,166 MW","1,918 MW",752 MW,"16,313 MW","15,561 MW","1,160 tonnes",71 g/kWh,54.3%,24.2%,16.9%,4.3%,0.2%,0.2%,"8,851 MW","3,945 MW","2,750 MW",702 MW,33 MW,32 MW
"Fri Oct 22, 9 AM - 10 AM",911 MW,"1,846 MW",935 MW,"16,526 MW","15,591 MW","1,245 tonnes",75 g/kWh,53.1%,24.7%,17.9%,3.3%,0.2%,0.8%,"8,773 MW","4,076 MW","2,966 MW",545 MW,32 MW,134 MW
"Fri Oct 22, 10 AM - 11 AM",868 MW,"1,857 MW",989 MW,"16,419 MW","15,430 MW","1,223 tonnes",75 g/kWh,53.4%,24.6%,17.8%,2.5%,0.2%,1.6%,"8,765 MW","4,031 MW","2,915 MW",416 MW,32 MW,260 MW
"Fri Oct 22, 11 AM - 12 PM","1,144 MW","2,079 MW",935 MW,"16,187 MW","15,252 MW","1,172 tonnes",72 g/kWh,54.1%,24.6%,17.2%,2.1%,0.2%,1.7%,"8,762 MW","3,986 MW","2,791 MW",337 MW,32 MW,279 MW
"Fri Oct 22, 12 PM - 1 PM","1,158 MW","2,051 MW",893 MW,"16,060 MW","15,167 MW","1,124 tonnes",70 g/kWh,54.6%,25.3%,16.7%,1.6%,0.2%,1.6%,"8,769 MW","4,071 MW","2,676 MW",250 MW,33 MW,261 MW
"Fri Oct 22, 3 PM - 4 PM","1,208 MW","2,107 MW",899 MW,"15,594 MW","14,695 MW",922 tonnes,59 g/kWh,56.3%,27.5%,14.1%,0.7%,0.2%,1.3%,"8,777 MW","4,287 MW","2,194 MW",103 MW,33 MW,200 MW
"Fri Oct 22, 4 PM - 5 PM","1,208 MW","2,037 MW",829 MW,"16,019 MW","15,190 MW","1,058 tonnes",66 g/kWh,54.9%,27.8%,15.7%,0.6%,0.2%,0.8%,"8,797 MW","4,449 MW","2,521 MW",98 MW,33 MW,121 MW
"Fri Oct 22, 5 PM - 6 PM","1,459 MW","1,606 MW",147 MW,"15,929 MW","15,782 MW",913 tonnes,57 g/kWh,55.7%,29.7%,13.4%,0.7%,0.2%,0.3%,"8,874 MW","4,731 MW","2,135 MW",113 MW,33 MW,43 MW
"Fri Oct 22, 6 PM - 7 PM","1,613 MW","1,632 MW",19 MW,"16,086 MW","16,067 MW",977 tonnes,61 g/kWh,55.2%,29.7%,14.2%,0.8%,0.2%,0.0%,"8,877 MW","4,774 MW","2,278 MW",123 MW,33 MW,1 MW
"Fri Oct 22, 7 PM - 8 PM","1,461 MW","1,579 MW",118 MW,"16,107 MW","15,989 MW","1,006 tonnes",62 g/kWh,55.1%,29.4%,14.6%,0.8%,0.2%,0.0%,"8,874 MW","4,729 MW","2,350 MW",121 MW,33 MW,0 MW
"Fri Oct 22, 8 PM - 9 PM","1,411 MW","1,468 MW",57 MW,"15,698 MW","15,641 MW",861 tonnes,55 g/kWh,56.5%,29.6%,12.8%,0.8%,0.2%,0.0%,"8,873 MW","4,645 MW","2,017 MW",130 MW,33 MW,0 MW
"Fri Oct 22, 9 PM - 10 PM","1,211 MW","1,888 MW",677 MW,"15,693 MW","15,016 MW",888 tonnes,57 g/kWh,56.5%,28.9%,13.3%,1.1%,0.2%,0.0%,"8,870 MW","4,531 MW","2,089 MW",170 MW,33 MW,0 MW
"Fri Oct 22, 10 PM - 11 PM","1,798 MW","2,133 MW",335 MW,"14,568 MW","14,233 MW",694 tonnes,48 g/kWh,60.9%,26.3%,11.4%,1.2%,0.2%,0.0%,"8,865 MW","3,837 MW","1,655 MW",178 MW,33 MW,0 MW
"Sat Oct 23, 11 PM - 12 AM","1,690 MW","2,300 MW",610 MW,"13,876 MW","13,266 MW",414 tonnes,30 g/kWh,63.9%,27.7%,7.0%,1.3%,0.2%,0.0%,"8,867 MW","3,842 MW",966 MW,176 MW,25 MW,0 MW
"Sat Oct 23, 12 AM - 1 AM","1,253 MW","2,473 MW","1,220 MW","13,684 MW","12,464 MW",181 tonnes,13 g/kWh,64.8%,30.9%,2.9%,1.4%,0.1%,0.0%,"8,864 MW","4,226 MW",392 MW,188 MW,14 MW,0 MW
"Sat Oct 23, 1 AM - 2 AM","1,261 MW","2,613 MW","1,352 MW","13,353 MW","12,001 MW",135 tonnes,10 g/kWh,66.4%,30.1%,1.8%,1.7%,0.0%,0.0%,"8,864 MW","4,025 MW",238 MW,223 MW,3 MW,0 MW
"Sat Oct 23, 2 AM - 3 AM","1,261 MW","2,453 MW","1,192 MW","13,030 MW","11,838 MW",95 tonnes,7 g/kWh,68.0%,29.0%,1.2%,1.8%,0.0%,0.0%,"8,865 MW","3,779 MW",155 MW,231 MW,0 MW,0 MW
"Sat Oct 23, 3 AM - 4 AM","1,083 MW","2,530 MW","1,447 MW","13,183 MW","11,736 MW",131 tonnes,10 g/kWh,67.2%,29.4%,1.9%,1.4%,0.0%,0.0%,"8,865 MW","3,878 MW",250 MW,190 MW,0 MW,0 MW
"Sat Oct 23, 4 AM - 5 AM",651 MW,"2,380 MW","1,729 MW","13,567 MW","11,838 MW",305 tonnes,23 g/kWh,65.4%,28.6%,4.8%,1.2%,0.0%,0.0%,"8,868 MW","3,880 MW",651 MW,168 MW,0 MW,0 MW
"Sat Oct 23, 5 AM - 6 AM",724 MW,"2,637 MW","1,913 MW","13,876 MW","11,963 MW",440 tonnes,32 g/kWh,63.9%,27.9%,7.2%,1.0%,0.0%,0.0%,"8,867 MW","3,874 MW","1,003 MW",132 MW,0 MW,0 MW
"Sat Oct 23, 6 AM - 7 AM","1,000 MW","2,209 MW","1,209 MW","13,880 MW","12,671 MW",568 tonnes,41 g/kWh,63.9%,25.3%,9.6%,1.3%,0.0%,0.0%,"8,864 MW","3,510 MW","1,332 MW",174 MW,0 MW,0 MW
"Sat Oct 23, 7 AM - 8 AM","1,436 MW","1,942 MW",506 MW,"14,045 MW","13,539 MW",583 tonnes,42 g/kWh,63.1%,25.9%,9.8%,1.3%,0.0%,0.0%,"8,860 MW","3,634 MW","1,371 MW",178 MW,0 MW,2 MW
"Sat Oct 23, 8 AM - 9 AM",957 MW,"1,598 MW",641 MW,"14,702 MW","14,061 MW",721 tonnes,49 g/kWh,60.3%,27.0%,11.3%,1.0%,0.0%,0.3%,"8,868 MW","3,972 MW","1,667 MW",146 MW,0 MW,49 MW
"Sat Oct 23, 9 AM - 10 AM","1,015 MW","1,798 MW",783 MW,"14,886 MW","14,103 MW",660 tonnes,44 g/kWh,59.6%,28.1%,10.4%,1.0%,0.0%,0.9%,"8,868 MW","4,188 MW","1,555 MW",145 MW,0 MW,130 MW
"Sat Oct 23, 10 AM - 11 AM","1,215 MW","1,978 MW",763 MW,"14,982 MW","14,219 MW",629 tonnes,42 g/kWh,59.2%,28.9%,10.1%,0.5%,0.0%,1.4%,"8,868 MW","4,327 MW","1,506 MW",72 MW,0 MW,209 MW
"Sat Oct 23, 11 AM - 12 PM","1,534 MW","2,039 MW",505 MW,"14,726 MW","14,221 MW",549 tonnes,37 g/kWh,60.2%,28.5%,9.2%,0.5%,0.0%,1.6%,"8,862 MW","4,204 MW","1,348 MW",77 MW,0 MW,235 MW
"Sat Oct 23, 12 PM - 1 PM","1,618 MW","1,978 MW",360 MW,"14,449 MW","14,089 MW",481 tonnes,33 g/kWh,61.3%,27.5%,8.2%,1.0%,0.0%,2.0%,"8,858 MW","3,980 MW","1,181 MW",141 MW,0 MW,289 MW
"Sat Oct 23, 1 PM - 2 PM","1,582 MW","2,063 MW",481 MW,"14,224 MW","13,743 MW",540 tonnes,38 g/kWh,62.3%,25.2%,9.4%,1.3%,0.0%,1.9%,"8,855 MW","3,588 MW","1,330 MW",184 MW,0 MW,267 MW
"Sat Oct 23, 2 PM - 3 PM","1,718 MW","2,304 MW",586 MW,"14,176 MW","13,590 MW",539 tonnes,38 g/kWh,62.5%,24.6%,9.4%,2.2%,0.0%,1.3%,"8,853 MW","3,491 MW","1,328 MW",315 MW,0 MW,189 MW
"Sat Oct 23, 3 PM - 4 PM","1,718 MW","2,279 MW",561 MW,"14,294 MW","13,733 MW",476 tonnes,33 g/kWh,61.9%,27.2%,8.1%,1.8%,0.0%,0.9%,"8,855 MW","3,895 MW","1,164 MW",254 MW,0 MW,126 MW
"Sat Oct 23, 4 PM - 5 PM","1,718 MW","2,212 MW",494 MW,"14,659 MW","14,165 MW",457 tonnes,31 g/kWh,60.4%,30.2%,7.6%,1.2%,0.0%,0.6%,"8,859 MW","4,425 MW","1,115 MW",174 MW,0 MW,86 MW
"Sat Oct 23, 5 PM - 6 PM","1,430 MW","1,567 MW",137 MW,"14,992 MW","14,855 MW",466 tonnes,31 g/kWh,59.1%,32.3%,7.6%,0.8%,0.0%,0.2%,"8,865 MW","4,835 MW","1,135 MW",122 MW,0 MW,35 MW
"Sat Oct 23, 6 PM - 7 PM","1,145 MW","1,568 MW",423 MW,"15,701 MW","15,278 MW",674 tonnes,43 g/kWh,56.6%,32.6%,10.3%,0.5%,0.0%,0.0%,"8,888 MW","5,117 MW","1,619 MW",77 MW,0 MW,0 MW
"Sat Oct 23, 7 PM - 8 PM","1,629 MW","1,832 MW",203 MW,"15,470 MW","15,267 MW",603 tonnes,39 g/kWh,57.6%,32.5%,9.2%,0.7%,0.0%,0.0%,"8,903 MW","5,031 MW","1,429 MW",107 MW,0 MW,0 MW
"Sat Oct 23, 8 PM - 9 PM","1,718 MW","1,999 MW",281 MW,"15,067 MW","14,786 MW",422 tonnes,28 g/kWh,59.3%,33.3%,6.6%,0.7%,0.0%,0.0%,"8,941 MW","5,021 MW","1,001 MW",104 MW,0 MW,0 MW
"Sat Oct 23, 9 PM - 10 PM","1,718 MW","2,266 MW",548 MW,"14,829 MW","14,281 MW",357 tonnes,24 g/kWh,60.4%,33.2%,5.5%,0.9%,0.0%,0.0%,"8,950 MW","4,929 MW",818 MW,132 MW,0 MW,0 MW
"Sat Oct 23, 10 PM - 11 PM","1,618 MW","2,292 MW",674 MW,"14,257 MW","13,583 MW",382 tonnes,27 g/kWh,62.8%,30.1%,6.0%,1.0%,0.0%,0.0%,"8,958 MW","4,297 MW",853 MW,149 MW,0 MW,0 MW
"Sun Oct 24, 11 PM - 12 AM","1,618 MW","2,263 MW",645 MW,"13,463 MW","12,818 MW",224 tonnes,17 g/kWh,66.6%,28.5%,3.6%,1.3%,0.0%,0.0%,"8,960 MW","3,841 MW",481 MW,181 MW,0 MW,0 MW
"Sun Oct 24, 12 AM - 1 AM","1,620 MW","2,490 MW",870 MW,"13,117 MW","12,247 MW",227 tonnes,17 g/kWh,68.3%,26.7%,3.8%,1.2%,0.0%,0.0%,"8,958 MW","3,501 MW",499 MW,159 MW,0 MW,0 MW
"Sun Oct 24, 1 AM - 2 AM",840 MW,"2,278 MW","1,438 MW","13,196 MW","11,758 MW",162 tonnes,12 g/kWh,68.5%,27.9%,2.5%,1.1%,0.0%,0.0%,"9,033 MW","3,683 MW",335 MW,145 MW,0 MW,0 MW
"Sun Oct 24, 2 AM - 3 AM",934 MW,"2,407 MW","1,473 MW","13,034 MW","11,561 MW",152 tonnes,12 g/kWh,70.4%,26.0%,2.4%,1.3%,0.0%,0.0%,"9,175 MW","3,385 MW",310 MW,164 MW,0 MW,0 MW
"Sun Oct 24, 3 AM - 4 AM",395 MW,"2,358 MW","1,963 MW","13,395 MW","11,432 MW",202 tonnes,15 g/kWh,68.6%,26.7%,3.0%,1.7%,0.0%,0.0%,"9,186 MW","3,579 MW",398 MW,232 MW,0 MW,0 MW
"Sun Oct 24, 4 AM - 5 AM",417 MW,"2,402 MW","1,985 MW","13,493 MW","11,508 MW",223 tonnes,17 g/kWh,68.1%,27.1%,3.4%,1.5%,0.0%,0.0%,"9,187 MW","3,652 MW",458 MW,196 MW,0 MW,0 MW
"Sun Oct 24, 5 AM - 6 AM",752 MW,"2,553 MW","1,801 MW","13,494 MW","11,693 MW",209 tonnes,16 g/kWh,68.1%,27.3%,3.3%,1.3%,0.0%,0.0%,"9,189 MW","3,682 MW",451 MW,172 MW,0 MW,0 MW
"Sun Oct 24, 6 AM - 7 AM",544 MW,"2,226 MW","1,682 MW","13,960 MW","12,278 MW",251 tonnes,18 g/kWh,65.8%,29.0%,3.7%,1.5%,0.0%,0.0%,"9,192 MW","4,046 MW",513 MW,209 MW,0 MW,0 MW
"Sun Oct 24, 7 AM - 8 AM",361 MW,"1,732 MW","1,371 MW","14,315 MW","12,944 MW",402 tonnes,28 g/kWh,64.2%,28.3%,6.1%,1.3%,0.0%,0.0%,"9,193 MW","4,056 MW",877 MW,186 MW,0 MW,3 MW
"Sun Oct 24, 8 AM - 9 AM",38 MW,"1,591 MW","1,553 MW","14,788 MW","13,235 MW",422 tonnes,29 g/kWh,62.2%,30.0%,6.4%,1.0%,0.0%,0.5%,"9,195 MW","4,430 MW",941 MW,151 MW,0 MW,71 MW
"Sun Oct 24, 9 AM - 10 AM",363 MW,"1,617 MW","1,254 MW","14,636 MW","13,382 MW",395 tonnes,27 g/kWh,62.9%,28.6%,6.3%,0.8%,0.0%,1.4%,"9,207 MW","4,183 MW",922 MW,119 MW,0 MW,205 MW
"Sun Oct 24, 10 AM - 11 AM",390 MW,"1,933 MW","1,543 MW","14,886 MW","13,343 MW",424 tonnes,28 g/kWh,62.0%,28.8%,6.7%,0.7%,0.0%,1.8%,"9,230 MW","4,284 MW","1,000 MW",107 MW,0 MW,265 MW
"Sun Oct 24, 11 AM - 12 PM",292 MW,"2,192 MW","1,900 MW","15,305 MW","13,405 MW",517 tonnes,34 g/kWh,60.4%,28.5%,8.2%,0.9%,0.0%,2.0%,"9,237 MW","4,363 MW","1,248 MW",144 MW,0 MW,313 MW
"Sun Oct 24, 12 PM - 1 PM",9 MW,"2,210 MW","2,201 MW","15,668 MW","13,467 MW",622 tonnes,40 g/kWh,58.9%,28.6%,9.8%,1.0%,0.0%,1.7%,"9,233 MW","4,480 MW","1,531 MW",154 MW,0 MW,270 MW
"Sun Oct 24, 1 PM - 2 PM",9 MW,"2,284 MW","2,275 MW","15,721 MW","13,446 MW",637 tonnes,41 g/kWh,58.7%,29.1%,10.0%,1.0%,0.0%,1.2%,"9,236 MW","4,574 MW","1,573 MW",152 MW,0 MW,186 MW
"Sun Oct 24, 2 PM - 3 PM",642 MW,"2,374 MW","1,732 MW","15,428 MW","13,696 MW",519 tonnes,34 g/kWh,60.4%,29.3%,8.3%,1.1%,0.0%,1.0%,"9,315 MW","4,528 MW","1,275 MW",163 MW,0 MW,147 MW
"Sun Oct 24, 3 PM - 4 PM",742 MW,"2,070 MW","1,328 MW","15,252 MW","13,924 MW",484 tonnes,32 g/kWh,61.1%,29.2%,7.8%,1.2%,0.0%,0.7%,"9,314 MW","4,458 MW","1,186 MW",183 MW,0 MW,111 MW
"Sun Oct 24, 4 PM - 5 PM",992 MW,"1,294 MW",302 MW,"14,889 MW","14,587 MW",569 tonnes,38 g/kWh,62.5%,26.0%,9.4%,1.5%,0.0%,0.5%,"9,313 MW","3,874 MW","1,405 MW",222 MW,0 MW,75 MW
"Sun Oct 24, 5 PM - 6 PM",882 MW,"1,558 MW",676 MW,"15,774 MW","15,098 MW",628 tonnes,40 g/kWh,59.1%,29.4%,9.9%,1.6%,0.0%,0.1%,"9,315 MW","4,636 MW","1,554 MW",246 MW,0 MW,23 MW
"Sun Oct 24, 6 PM - 7 PM","1,517 MW","2,195 MW",678 MW,"16,188 MW","15,510 MW",661 tonnes,41 g/kWh,57.5%,30.3%,10.0%,2.2%,0.0%,0.0%,"9,311 MW","4,905 MW","1,616 MW",356 MW,0 MW,0 MW
"Sun Oct 24, 7 PM - 8 PM","1,308 MW","2,028 MW",720 MW,"16,168 MW","15,448 MW",593 tonnes,37 g/kWh,57.6%,29.2%,8.9%,4.4%,0.0%,0.0%,"9,311 MW","4,717 MW","1,433 MW",707 MW,0 MW,0 MW
"Sun Oct 24, 8 PM - 9 PM",739 MW,"1,810 MW","1,071 MW","15,974 MW","14,903 MW",435 tonnes,27 g/kWh,58.3%,28.3%,6.5%,6.9%,0.0%,0.0%,"9,310 MW","4,521 MW","1,037 MW","1,106 MW",0 MW,0 MW
"Sun Oct 24, 9 PM - 10 PM",705 MW,"2,166 MW","1,461 MW","15,677 MW","14,216 MW",270 tonnes,17 g/kWh,59.4%,28.0%,3.9%,8.7%,0.0%,0.0%,"9,315 MW","4,392 MW",606 MW,"1,364 MW",0 MW,0 MW
"Sun Oct 24, 10 PM - 11 PM",73 MW,"2,174 MW","2,101 MW","15,471 MW","13,370 MW",248 tonnes,16 g/kWh,60.1%,25.7%,3.5%,10.6%,0.0%,0.0%,"9,305 MW","3,976 MW",549 MW,"1,641 MW",0 MW,0 MW
"Mon Oct 25, 11 PM - 12 AM",63 MW,"2,187 MW","2,124 MW","14,660 MW","12,536 MW",114 tonnes,8 g/kWh,63.4%,22.3%,1.5%,12.9%,0.0%,0.0%,"9,294 MW","3,267 MW",213 MW,"1,886 MW",0 MW,0 MW
"Mon Oct 25, 12 AM - 1 AM",145 MW,"2,855 MW","2,710 MW","14,701 MW","11,991 MW",84 tonnes,6 g/kWh,63.2%,21.4%,0.9%,14.5%,0.0%,0.0%,"9,294 MW","3,146 MW",134 MW,"2,127 MW",0 MW,0 MW
"Mon Oct 25, 1 AM - 2 AM",56 MW,"3,106 MW","3,050 MW","14,711 MW","11,661 MW",86 tonnes,6 g/kWh,63.2%,21.1%,0.9%,14.8%,0.0%,0.0%,"9,303 MW","3,098 MW",138 MW,"2,170 MW",2 MW,0 MW
"Mon Oct 25, 2 AM - 3 AM",67 MW,"3,094 MW","3,027 MW","14,665 MW","11,638 MW",84 tonnes,6 g/kWh,63.5%,19.9%,0.9%,15.6%,0.1%,0.0%,"9,309 MW","2,925 MW",135 MW,"2,283 MW",13 MW,0 MW
"Mon Oct 25, 3 AM - 4 AM",71 MW,"3,106 MW","3,035 MW","14,644 MW","11,609 MW",109 tonnes,7 g/kWh,63.6%,20.0%,1.3%,15.0%,0.1%,0.0%,"9,309 MW","2,925 MW",194 MW,"2,200 MW",16 MW,0 MW
"Mon Oct 25, 4 AM - 5 AM",72 MW,"3,073 MW","3,001 MW","14,790 MW","11,789 MW",150 tonnes,10 g/kWh,62.9%,19.3%,2.0%,15.7%,0.1%,0.0%,"9,309 MW","2,854 MW",293 MW,"2,316 MW",18 MW,0 MW
"Mon Oct 25, 5 AM - 6 AM",129 MW,"3,157 MW","3,028 MW","15,388 MW","12,360 MW",191 tonnes,12 g/kWh,60.5%,20.1%,2.6%,16.8%,0.1%,0.0%,"9,303 MW","3,086 MW",398 MW,"2,581 MW",20 MW,0 MW
"Mon Oct 25, 6 AM - 7 AM",174 MW,"2,569 MW","2,395 MW","15,892 MW","13,497 MW",277 tonnes,17 g/kWh,58.5%,20.9%,3.9%,16.5%,0.2%,0.0%,"9,299 MW","3,323 MW",615 MW,"2,628 MW",27 MW,0 MW
"Mon Oct 25, 7 AM - 8 AM",402 MW,"2,523 MW","2,121 MW","17,221 MW","15,100 MW",392 tonnes,23 g/kWh,54.0%,26.1%,5.1%,14.7%,0.2%,0.0%,"9,297 MW","4,488 MW",877 MW,"2,528 MW",31 MW,0 MW
"Mon Oct 25, 8 AM - 9 AM",789 MW,"2,416 MW","1,627 MW","17,415 MW","15,788 MW",489 tonnes,28 g/kWh,53.4%,25.2%,6.3%,14.9%,0.2%,0.0%,"9,292 MW","4,397 MW","1,091 MW","2,599 MW",32 MW,4 MW
"Mon Oct 25, 9 AM - 10 AM",749 MW,"2,424 MW","1,675 MW","17,647 MW","15,972 MW",514 tonnes,29 g/kWh,52.7%,24.0%,6.6%,16.5%,0.2%,0.1%,"9,296 MW","4,228 MW","1,166 MW","2,907 MW",32 MW,18 MW
"Mon Oct 25, 10 AM - 11 AM",269 MW,"2,439 MW","2,170 MW","18,289 MW","16,119 MW",638 tonnes,35 g/kWh,50.8%,23.8%,8.3%,16.7%,0.2%,0.2%,"9,297 MW","4,352 MW","1,512 MW","3,056 MW",34 MW,38 MW
"Mon Oct 25, 11 AM - 12 PM",10 MW,"2,535 MW","2,525 MW","18,829 MW","16,304 MW",848 tonnes,45 g/kWh,49.4%,23.1%,10.6%,16.5%,0.2%,0.2%,"9,297 MW","4,351 MW","1,994 MW","3,113 MW",32 MW,42 MW
"Mon Oct 25, 12 PM - 1 PM",9 MW,"2,315 MW","2,306 MW","18,596 MW","16,290 MW",855 tonnes,46 g/kWh,50.0%,22.2%,10.5%,16.9%,0.2%,0.3%,"9,290 MW","4,125 MW","1,960 MW","3,140 MW",32 MW,49 MW
"Mon Oct 25, 1 PM - 2 PM",9 MW,"2,567 MW","2,558 MW","18,762 MW","16,204 MW",981 tonnes,52 g/kWh,49.6%,20.9%,12.1%,17.1%,0.2%,0.2%,"9,301 MW","3,913 MW","2,266 MW","3,204 MW",32 MW,46 MW
"Mon Oct 25, 2 PM - 3 PM",328 MW,"2,526 MW","2,198 MW","18,366 MW","16,168 MW",902 tonnes,49 g/kWh,50.5%,20.0%,11.3%,17.8%,0.2%,0.2%,"9,283 MW","3,668 MW","2,075 MW","3,265 MW",32 MW,43 MW
"Mon Oct 25, 3 PM - 4 PM",128 MW,"2,289 MW","2,161 MW","18,338 MW","16,177 MW",750 tonnes,41 g/kWh,50.6%,20.2%,9.5%,19.3%,0.2%,0.3%,"9,280 MW","3,697 MW","1,741 MW","3,542 MW",32 MW,46 MW
"Mon Oct 25, 4 PM - 5 PM",9 MW,"2,205 MW","2,196 MW","18,710 MW","16,514 MW",753 tonnes,40 g/kWh,49.6%,21.5%,9.4%,19.1%,0.2%,0.1%,"9,281 MW","4,028 MW","1,760 MW","3,582 MW",32 MW,27 MW
"Mon Oct 25, 5 PM - 6 PM",218 MW,"2,475 MW","2,257 MW","19,171 MW","16,914 MW",789 tonnes,41 g/kWh,48.4%,23.0%,9.7%,18.8%,0.2%,0.0%,"9,275 MW","4,400 MW","1,853 MW","3,604 MW",32 MW,7 MW
"Mon Oct 25, 6 PM - 7 PM",320 MW,"2,399 MW","2,079 MW","19,025 MW","16,946 MW",775 tonnes,41 g/kWh,48.7%,21.9%,9.7%,19.5%,0.2%,0.0%,"9,274 MW","4,170 MW","1,839 MW","3,709 MW",33 MW,0 MW
"Mon Oct 25, 7 PM - 8 PM",330 MW,"2,347 MW","2,017 MW","18,489 MW","16,472 MW",605 tonnes,33 g/kWh,50.1%,21.1%,7.7%,20.9%,0.2%,0.0%,"9,266 MW","3,897 MW","1,428 MW","3,865 MW",33 MW,0 MW
"Mon Oct 25, 8 PM - 9 PM",145 MW,"1,932 MW","1,787 MW","17,754 MW","15,967 MW",317 tonnes,18 g/kWh,52.2%,21.0%,3.8%,22.8%,0.2%,0.0%,"9,270 MW","3,730 MW",677 MW,"4,044 MW",33 MW,0 MW
"Mon Oct 25, 9 PM - 10 PM",194 MW,"2,380 MW","2,186 MW","17,386 MW","15,200 MW",185 tonnes,11 g/kWh,53.3%,21.7%,2.2%,22.6%,0.2%,0.0%,"9,270 MW","3,779 MW",380 MW,"3,924 MW",33 MW,0 MW
"Mon Oct 25, 10 PM - 11 PM",86 MW,"2,549 MW","2,463 MW","16,797 MW","14,334 MW",169 tonnes,10 g/kWh,55.2%,20.7%,2.1%,21.9%,0.2%,0.0%,"9,270 MW","3,474 MW",347 MW,"3,672 MW",34 MW,0 MW
"Tue Oct 26, 11 PM - 12 AM",75 MW,"2,772 MW","2,697 MW","15,966 MW","13,269 MW",170 tonnes,11 g/kWh,58.1%,18.9%,2.2%,20.7%,0.2%,0.0%,"9,273 MW","3,010 MW",351 MW,"3,308 MW",24 MW,0 MW
"Tue Oct 26, 12 AM - 1 AM",141 MW,"3,076 MW","2,935 MW","15,614 MW","12,679 MW",102 tonnes,7 g/kWh,59.4%,19.1%,1.1%,20.2%,0.1%,0.0%,"9,274 MW","2,990 MW",179 MW,"3,153 MW",18 MW,0 MW
"Tue Oct 26, 1 AM - 2 AM",59 MW,"2,900 MW","2,841 MW","15,197 MW","12,356 MW",86 tonnes,6 g/kWh,61.0%,19.9%,0.9%,18.1%,0.1%,0.0%,"9,276 MW","3,019 MW",139 MW,"2,745 MW",18 MW,0 MW
"Tue Oct 26, 2 AM - 3 AM",59 MW,"2,910 MW","2,851 MW","15,099 MW","12,248 MW",86 tonnes,6 g/kWh,61.5%,19.6%,0.9%,17.8%,0.1%,0.0%,"9,282 MW","2,966 MW",139 MW,"2,694 MW",18 MW,0 MW
"Tue Oct 26, 3 AM - 4 AM",58 MW,"2,875 MW","2,817 MW","14,968 MW","12,151 MW",87 tonnes,6 g/kWh,62.1%,19.7%,0.9%,17.1%,0.1%,0.0%,"9,290 MW","2,953 MW",142 MW,"2,565 MW",18 MW,0 MW
"Tue Oct 26, 4 AM - 5 AM",72 MW,"2,825 MW","2,753 MW","15,101 MW","12,348 MW",132 tonnes,9 g/kWh,61.5%,19.3%,1.7%,17.4%,0.1%,0.0%,"9,289 MW","2,912 MW",259 MW,"2,623 MW",18 MW,0 MW
"Tue Oct 26, 5 AM - 6 AM",72 MW,"3,004 MW","2,932 MW","15,820 MW","12,888 MW",233 tonnes,15 g/kWh,58.7%,20.2%,3.3%,17.7%,0.1%,0.0%,"9,292 MW","3,196 MW",516 MW,"2,795 MW",21 MW,0 MW
"Tue Oct 26, 6 AM - 7 AM",322 MW,"2,467 MW","2,145 MW","16,247 MW","14,102 MW",356 tonnes,22 g/kWh,57.2%,20.5%,5.1%,17.1%,0.2%,0.0%,"9,288 MW","3,325 MW",828 MW,"2,779 MW",27 MW,0 MW
"Tue Oct 26, 7 AM - 8 AM",662 MW,"2,506 MW","1,844 MW","17,235 MW","15,391 MW",402 tonnes,23 g/kWh,53.9%,23.5%,5.5%,16.9%,0.2%,0.0%,"9,288 MW","4,056 MW",948 MW,"2,912 MW",31 MW,0 MW
"Tue Oct 26, 8 AM - 9 AM",862 MW,"2,413 MW","1,551 MW","17,594 MW","16,043 MW",449 tonnes,26 g/kWh,52.8%,24.0%,6.0%,17.0%,0.2%,0.0%,"9,289 MW","4,228 MW","1,053 MW","2,984 MW",32 MW,8 MW
"Tue Oct 26, 9 AM - 10 AM",558 MW,"2,142 MW","1,584 MW","17,736 MW","16,152 MW",461 tonnes,26 g/kWh,52.4%,23.9%,6.0%,17.3%,0.2%,0.3%,"9,291 MW","4,241 MW","1,061 MW","3,067 MW",31 MW,45 MW
"Tue Oct 26, 10 AM - 11 AM",150 MW,"2,159 MW","2,009 MW","18,200 MW","16,191 MW",535 tonnes,29 g/kWh,51.0%,23.8%,6.8%,17.8%,0.2%,0.4%,"9,291 MW","4,327 MW","1,242 MW","3,231 MW",32 MW,77 MW
"Tue Oct 26, 11 AM - 12 PM",140 MW,"2,213 MW","2,073 MW","18,322 MW","16,249 MW",622 tonnes,34 g/kWh,50.7%,22.4%,8.1%,18.1%,0.2%,0.6%,"9,289 MW","4,095 MW","1,475 MW","3,323 MW",32 MW,108 MW
"Tue Oct 26, 12 PM - 1 PM",56 MW,"2,057 MW","2,001 MW","17,980 MW","15,979 MW",498 tonnes,28 g/kWh,51.7%,22.8%,6.6%,18.1%,0.2%,0.6%,"9,288 MW","4,108 MW","1,194 MW","3,255 MW",32 MW,103 MW
"Tue Oct 26, 1 PM - 2 PM",418 MW,"2,299 MW","1,881 MW","17,804 MW","15,923 MW",525 tonnes,29 g/kWh,52.2%,21.1%,7.1%,18.9%,0.2%,0.4%,"9,301 MW","3,764 MW","1,268 MW","3,362 MW",32 MW,77 MW
"Tue Oct 26, 2 PM - 3 PM",272 MW,"2,397 MW","2,125 MW","18,013 MW","15,888 MW",507 tonnes,28 g/kWh,51.7%,21.6%,6.9%,19.3%,0.2%,0.4%,"9,307 MW","3,893 MW","1,234 MW","3,476 MW",36 MW,67 MW
"Tue Oct 26, 3 PM - 4 PM",222 MW,"2,504 MW","2,282 MW","18,215 MW","15,933 MW",478 tonnes,26 g/kWh,51.0%,22.7%,6.3%,19.4%,0.2%,0.3%,"9,298 MW","4,140 MW","1,156 MW","3,529 MW",32 MW,60 MW
"Tue Oct 26, 4 PM - 5 PM",508 MW,"2,361 MW","1,853 MW","18,261 MW","16,408 MW",474 tonnes,26 g/kWh,50.9%,23.4%,6.2%,19.1%,0.2%,0.2%,"9,298 MW","4,267 MW","1,138 MW","3,486 MW",32 MW,40 MW
"Tue Oct 26, 5 PM - 6 PM",808 MW,"2,468 MW","1,660 MW","18,499 MW","16,839 MW",475 tonnes,26 g/kWh,50.2%,24.9%,6.1%,18.4%,0.2%,0.1%,"9,294 MW","4,608 MW","1,135 MW","3,412 MW",34 MW,16 MW
"Tue Oct 26, 6 PM - 7 PM",659 MW,"2,230 MW","1,571 MW","18,382 MW","16,811 MW",471 tonnes,26 g/kWh,50.5%,25.8%,6.1%,17.4%,0.2%,0.0%,"9,290 MW","4,737 MW","1,127 MW","3,193 MW",35 MW,0 MW
"Tue Oct 26, 7 PM - 8 PM","1,062 MW","2,070 MW","1,008 MW","17,620 MW","16,612 MW",339 tonnes,19 g/kWh,52.7%,25.6%,4.5%,17.0%,0.2%,0.0%,"9,291 MW","4,502 MW",797 MW,"2,997 MW",33 MW,0 MW
"Tue Oct 26, 8 PM - 9 PM","1,123 MW","1,787 MW",664 MW,"16,953 MW","16,289 MW",195 tonnes,11 g/kWh,54.8%,25.2%,2.5%,17.4%,0.2%,0.0%,"9,289 MW","4,267 MW",421 MW,"2,943 MW",33 MW,0 MW
"Tue Oct 26, 9 PM - 10 PM",445 MW,"1,818 MW","1,373 MW","16,864 MW","15,491 MW",172 tonnes,10 g/kWh,55.1%,26.4%,2.1%,16.3%,0.2%,0.0%,"9,289 MW","4,448 MW",353 MW,"2,741 MW",33 MW,0 MW
"Tue Oct 26, 10 PM - 11 PM",421 MW,"2,106 MW","1,685 MW","16,160 MW","14,475 MW",108 tonnes,7 g/kWh,57.5%,25.7%,1.2%,15.4%,0.2%,0.0%,"9,299 MW","4,146 MW",195 MW,"2,487 MW",33 MW,0 MW
"Wed Oct 27, 11 PM - 12 AM",290 MW,"2,307 MW","2,017 MW","15,406 MW","13,389 MW",81 tonnes,5 g/kWh,60.4%,24.5%,0.8%,14.1%,0.2%,0.0%,"9,303 MW","3,773 MW",129 MW,"2,175 MW",26 MW,0 MW
"Wed Oct 27, 12 AM - 1 AM",49 MW,"2,573 MW","2,524 MW","15,240 MW","12,716 MW",81 tonnes,5 g/kWh,61.1%,25.6%,0.8%,12.4%,0.1%,0.0%,"9,310 MW","3,897 MW",129 MW,"1,886 MW",18 MW,0 MW
"Wed Oct 27, 1 AM - 2 AM",39 MW,"2,732 MW","2,693 MW","14,947 MW","12,254 MW",84 tonnes,6 g/kWh,62.3%,26.0%,0.9%,10.6%,0.1%,0.0%,"9,317 MW","3,884 MW",138 MW,"1,590 MW",18 MW,0 MW
"Wed Oct 27, 2 AM - 3 AM",63 MW,"2,577 MW","2,514 MW","14,633 MW","12,119 MW",94 tonnes,6 g/kWh,63.6%,26.6%,1.1%,8.6%,0.1%,0.0%,"9,312 MW","3,889 MW",161 MW,"1,253 MW",18 MW,0 MW
"Wed Oct 27, 3 AM - 4 AM",63 MW,"2,450 MW","2,387 MW","14,532 MW","12,145 MW",148 tonnes,10 g/kWh,64.1%,26.2%,2.1%,7.5%,0.1%,0.0%,"9,314 MW","3,809 MW",298 MW,"1,093 MW",18 MW,0 MW
"Wed Oct 27, 4 AM - 5 AM",63 MW,"2,431 MW","2,368 MW","14,758 MW","12,390 MW",432 tonnes,29 g/kWh,63.1%,23.5%,6.5%,6.7%,0.1%,0.0%,"9,318 MW","3,461 MW",966 MW,995 MW,18 MW,0 MW
"Wed Oct 27, 5 AM - 6 AM",63 MW,"2,127 MW","2,064 MW","14,936 MW","12,872 MW",734 tonnes,49 g/kWh,62.4%,20.1%,11.7%,5.7%,0.1%,0.0%,"9,321 MW","2,999 MW","1,744 MW",851 MW,21 MW,0 MW
"Wed Oct 27, 6 AM - 7 AM",760 MW,"2,124 MW","1,364 MW","15,406 MW","14,042 MW",858 tonnes,56 g/kWh,60.5%,21.1%,13.3%,4.9%,0.2%,0.0%,"9,316 MW","3,258 MW","2,054 MW",749 MW,29 MW,0 MW
"Wed Oct 27, 7 AM - 8 AM",837 MW,"1,730 MW",893 MW,"16,331 MW","15,438 MW","1,049 tonnes",64 g/kWh,57.0%,23.8%,14.9%,4.0%,0.2%,0.0%,"9,316 MW","3,894 MW","2,435 MW",653 MW,33 MW,0 MW
"Wed Oct 27, 8 AM - 9 AM",758 MW,"1,507 MW",749 MW,"16,480 MW","15,731 MW","1,267 tonnes",77 g/kWh,56.5%,22.1%,17.7%,3.4%,0.2%,0.2%,"9,313 MW","3,636 MW","2,910 MW",555 MW,34 MW,32 MW
"Wed Oct 27, 9 AM - 10 AM",758 MW,"1,580 MW",822 MW,"16,379 MW","15,557 MW","1,201 tonnes",73 g/kWh,56.8%,22.1%,16.8%,3.2%,0.2%,0.8%,"9,308 MW","3,622 MW","2,754 MW",527 MW,33 MW,135 MW
"Wed Oct 27, 10 AM - 11 AM",753 MW,"1,762 MW","1,009 MW","16,054 MW","15,045 MW","1,026 tonnes",64 g/kWh,58.0%,22.4%,14.9%,3.2%,0.2%,1.3%,"9,311 MW","3,599 MW","2,389 MW",506 MW,33 MW,216 MW
"Wed Oct 27, 11 AM - 12 PM",753 MW,"1,885 MW","1,132 MW","15,912 MW","14,780 MW",923 tonnes,58 g/kWh,58.5%,23.3%,13.8%,2.6%,0.2%,1.6%,"9,312 MW","3,701 MW","2,196 MW",416 MW,33 MW,254 MW
"Wed Oct 27, 12 PM - 1 PM",858 MW,"1,930 MW","1,072 MW","15,726 MW","14,654 MW",844 tonnes,54 g/kWh,59.2%,23.8%,12.7%,2.1%,0.2%,2.0%,"9,312 MW","3,736 MW","2,002 MW",327 MW,33 MW,316 MW
"Wed Oct 27, 1 PM - 2 PM",853 MW,"1,842 MW",989 MW,"15,517 MW","14,528 MW",766 tonnes,49 g/kWh,60.0%,24.1%,11.6%,1.8%,0.2%,2.3%,"9,305 MW","3,744 MW","1,806 MW",277 MW,33 MW,352 MW
"Wed Oct 27, 2 PM - 3 PM",853 MW,"1,906 MW","1,053 MW","15,527 MW","14,474 MW",859 tonnes,55 g/kWh,59.9%,22.9%,13.1%,1.7%,0.2%,2.2%,"9,303 MW","3,551 MW","2,032 MW",267 MW,33 MW,341 MW
"Wed Oct 27, 3 PM - 4 PM",753 MW,"2,056 MW","1,303 MW","15,920 MW","14,617 MW",990 tonnes,62 g/kWh,58.4%,23.6%,14.6%,1.5%,0.2%,1.7%,"9,299 MW","3,751 MW","2,329 MW",233 MW,33 MW,275 MW
"Wed Oct 27, 4 PM - 5 PM",858 MW,"1,789 MW",931 MW,"16,069 MW","15,138 MW","1,031 tonnes",64 g/kWh,57.8%,24.3%,15.0%,1.5%,0.2%,1.1%,"9,294 MW","3,903 MW","2,408 MW",249 MW,32 MW,183 MW
"Wed Oct 27, 5 PM - 6 PM","1,057 MW","1,931 MW",874 MW,"16,613 MW","15,739 MW","1,058 tonnes",64 g/kWh,55.9%,26.9%,14.9%,1.7%,0.2%,0.4%,"9,290 MW","4,477 MW","2,472 MW",279 MW,33 MW,62 MW
"Wed Oct 27, 6 PM - 7 PM","1,108 MW","1,996 MW",888 MW,"17,071 MW","16,183 MW","1,235 tonnes",72 g/kWh,54.5%,26.6%,16.7%,2.1%,0.2%,0.0%,"9,298 MW","4,533 MW","2,849 MW",362 MW,27 MW,2 MW
"Wed Oct 27, 7 PM - 8 PM","1,108 MW","2,232 MW","1,124 MW","17,338 MW","16,214 MW","1,309 tonnes",75 g/kWh,53.6%,25.8%,17.4%,3.2%,0.1%,0.0%,"9,287 MW","4,472 MW","3,015 MW",547 MW,17 MW,0 MW
"Wed Oct 27, 8 PM - 9 PM",908 MW,"2,157 MW","1,249 MW","17,059 MW","15,810 MW","1,193 tonnes",70 g/kWh,54.5%,24.9%,16.1%,4.4%,0.1%,0.0%,"9,292 MW","4,247 MW","2,746 MW",752 MW,22 MW,0 MW
"Wed Oct 27, 9 PM - 10 PM",908 MW,"2,100 MW","1,192 MW","16,349 MW","15,157 MW",879 tonnes,54 g/kWh,57.0%,24.9%,12.2%,5.7%,0.2%,0.0%,"9,327 MW","4,078 MW","1,989 MW",926 MW,29 MW,0 MW
"Wed Oct 27, 10 PM - 11 PM",884 MW,"2,108 MW","1,224 MW","15,357 MW","14,133 MW",425 tonnes,28 g/kWh,60.7%,26.7%,5.8%,6.5%,0.2%,0.0%,"9,325 MW","4,105 MW",892 MW,"1,004 MW",31 MW,0 MW
"Thu Oct 28, 11 PM - 12 AM",884 MW,"2,292 MW","1,408 MW","14,666 MW","13,258 MW",273 tonnes,19 g/kWh,63.6%,25.3%,3.9%,7.1%,0.2%,0.0%,"9,323 MW","3,710 MW",567 MW,"1,044 MW",22 MW,0 MW
"Thu Oct 28, 12 AM - 1 AM",718 MW,"2,051 MW","1,333 MW","14,000 MW","12,667 MW",163 tonnes,12 g/kWh,66.6%,23.4%,2.1%,7.8%,0.1%,0.0%,"9,329 MW","3,273 MW",292 MW,"1,089 MW",17 MW,0 MW
"Thu Oct 28, 1 AM - 2 AM",393 MW,"2,261 MW","1,868 MW","14,098 MW","12,230 MW",84 tonnes,6 g/kWh,66.2%,21.9%,1.0%,10.8%,0.1%,0.0%,"9,330 MW","3,093 MW",134 MW,"1,524 MW",17 MW,0 MW
"Thu Oct 28, 2 AM - 3 AM",53 MW,"2,265 MW","2,212 MW","14,162 MW","11,950 MW",84 tonnes,6 g/kWh,65.9%,19.6%,0.9%,13.5%,0.1%,0.0%,"9,333 MW","2,773 MW",134 MW,"1,905 MW",17 MW,0 MW
"Thu Oct 28, 3 AM - 4 AM",42 MW,"2,349 MW","2,307 MW","14,192 MW","11,885 MW",85 tonnes,6 g/kWh,65.8%,19.5%,1.0%,13.7%,0.1%,0.0%,"9,337 MW","2,763 MW",136 MW,"1,939 MW",17 MW,0 MW
"Thu Oct 28, 4 AM - 5 AM",42 MW,"2,692 MW","2,650 MW","14,595 MW","11,945 MW",129 tonnes,9 g/kWh,64.0%,19.4%,1.7%,14.8%,0.1%,0.0%,"9,334 MW","2,836 MW",247 MW,"2,161 MW",17 MW,0 MW
"Thu Oct 28, 5 AM - 6 AM",400 MW,"2,310 MW","1,910 MW","14,374 MW","12,464 MW",220 tonnes,15 g/kWh,65.0%,19.5%,3.3%,12.1%,0.1%,0.0%,"9,336 MW","2,805 MW",478 MW,"1,735 MW",20 MW,0 MW
"Thu Oct 28, 6 AM - 7 AM",898 MW,"2,270 MW","1,372 MW","15,078 MW","13,706 MW",325 tonnes,22 g/kWh,61.9%,20.5%,4.9%,12.5%,0.2%,0.0%,"9,333 MW","3,092 MW",742 MW,"1,881 MW",30 MW,0 MW
"Thu Oct 28, 7 AM - 8 AM","1,144 MW","2,242 MW","1,098 MW","16,174 MW","15,076 MW",330 tonnes,20 g/kWh,57.7%,22.0%,4.7%,15.5%,0.2%,0.0%,"9,330 MW","3,552 MW",753 MW,"2,503 MW",34 MW,2 MW
"Thu Oct 28, 8 AM - 9 AM",819 MW,"1,927 MW","1,108 MW","16,412 MW","15,304 MW",329 tonnes,20 g/kWh,56.8%,21.6%,4.6%,16.5%,0.2%,0.3%,"9,329 MW","3,549 MW",754 MW,"2,710 MW",28 MW,42 MW
"Thu Oct 28, 9 AM - 10 AM",330 MW,"2,071 MW","1,741 MW","16,878 MW","15,137 MW",329 tonnes,20 g/kWh,55.3%,22.9%,4.5%,16.6%,0.2%,0.6%,"9,329 MW","3,863 MW",755 MW,"2,798 MW",28 MW,105 MW
"Thu Oct 28, 10 AM - 11 AM",22 MW,"2,054 MW","2,032 MW","16,899 MW","14,867 MW",327 tonnes,19 g/kWh,55.2%,22.2%,4.4%,16.9%,0.2%,1.1%,"9,326 MW","3,755 MW",750 MW,"2,856 MW",27 MW,185 MW
"Thu Oct 28, 11 AM - 12 PM",22 MW,"2,260 MW","2,238 MW","16,950 MW","14,712 MW",327 tonnes,19 g/kWh,55.0%,21.7%,4.4%,17.4%,0.2%,1.3%,"9,326 MW","3,682 MW",748 MW,"2,942 MW",27 MW,225 MW
"Thu Oct 28, 12 PM - 1 PM",516 MW,"2,330 MW","1,814 MW","16,226 MW","14,412 MW",127 tonnes,8 g/kWh,57.4%,22.4%,1.5%,16.8%,0.2%,1.7%,"9,319 MW","3,638 MW",244 MW,"2,727 MW",27 MW,271 MW
"Thu Oct 28, 1 PM - 2 PM",469 MW,"2,326 MW","1,857 MW","16,027 MW","14,170 MW",82 tonnes,5 g/kWh,58.1%,22.4%,0.8%,16.4%,0.2%,2.0%,"9,318 MW","3,593 MW",131 MW,"2,635 MW",27 MW,323 MW
"Thu Oct 28, 2 PM - 3 PM",340 MW,"2,292 MW","1,952 MW","15,891 MW","13,939 MW",104 tonnes,7 g/kWh,58.6%,22.2%,1.2%,15.8%,0.2%,2.0%,"9,320 MW","3,525 MW",187 MW,"2,510 MW",28 MW,321 MW
"Thu Oct 28, 3 PM - 4 PM",486 MW,"2,231 MW","1,745 MW","15,871 MW","14,126 MW",158 tonnes,10 g/kWh,58.7%,22.9%,2.0%,14.5%,0.2%,1.6%,"9,318 MW","3,641 MW",324 MW,"2,308 MW",28 MW,252 MW
"Thu Oct 28, 4 PM - 5 PM",892 MW,"2,103 MW","1,211 MW","16,068 MW","14,857 MW",158 tonnes,10 g/kWh,58.0%,22.5%,2.0%,16.5%,0.2%,0.8%,"9,319 MW","3,611 MW",325 MW,"2,652 MW",27 MW,134 MW
"Thu Oct 28, 5 PM - 6 PM",945 MW,"2,079 MW","1,134 MW","16,782 MW","15,648 MW",158 tonnes,9 g/kWh,55.5%,24.4%,1.9%,17.8%,0.2%,0.2%,"9,318 MW","4,088 MW",324 MW,"2,989 MW",27 MW,36 MW
"Thu Oct 28, 6 PM - 7 PM","1,044 MW","2,069 MW","1,025 MW","17,097 MW","16,072 MW",160 tonnes,9 g/kWh,54.5%,24.6%,1.9%,18.8%,0.2%,0.0%,"9,310 MW","4,212 MW",329 MW,"3,219 MW",26 MW,1 MW
"Thu Oct 28, 7 PM - 8 PM","1,044 MW","2,156 MW","1,112 MW","17,126 MW","16,014 MW",159 tonnes,9 g/kWh,54.4%,24.4%,1.9%,19.2%,0.2%,0.0%,"9,311 MW","4,179 MW",327 MW,"3,283 MW",26 MW,0 MW
"Thu Oct 28, 8 PM - 9 PM",783 MW,"2,292 MW","1,509 MW","17,159 MW","15,650 MW",160 tonnes,9 g/kWh,54.3%,23.7%,1.9%,20.0%,0.2%,0.0%,"9,317 MW","4,059 MW",328 MW,"3,429 MW",26 MW,0 MW
"Thu Oct 28, 9 PM - 10 PM",719 MW,"2,192 MW","1,473 MW","16,627 MW","15,154 MW",103 tonnes,6 g/kWh,56.1%,22.0%,1.1%,20.7%,0.2%,0.0%,"9,322 MW","3,658 MW",186 MW,"3,435 MW",26 MW,0 MW
"Thu Oct 28, 10 PM - 11 PM",9 MW,"2,016 MW","2,007 MW","16,281 MW","14,274 MW",81 tonnes,5 g/kWh,57.3%,20.9%,0.8%,20.9%,0.2%,0.0%,"9,326 MW","3,395 MW",129 MW,"3,406 MW",25 MW,0 MW
"Fri Oct 29, 11 PM - 12 AM",9 MW,"2,483 MW","2,474 MW","15,706 MW","13,232 MW",83 tonnes,5 g/kWh,59.4%,18.9%,0.8%,20.7%,0.1%,0.0%,"9,329 MW","2,976 MW",132 MW,"3,251 MW",18 MW,0 MW
"Fri Oct 29, 12 AM - 1 AM",39 MW,"2,434 MW","2,395 MW","15,081 MW","12,686 MW",84 tonnes,6 g/kWh,61.9%,18.5%,0.9%,18.6%,0.1%,0.0%,"9,329 MW","2,792 MW",134 MW,"2,809 MW",17 MW,0 MW
"Fri Oct 29, 1 AM - 2 AM",39 MW,"2,558 MW","2,519 MW","14,780 MW","12,261 MW",83 tonnes,6 g/kWh,63.1%,18.3%,0.9%,17.6%,0.1%,0.0%,"9,327 MW","2,704 MW",133 MW,"2,599 MW",17 MW,0 MW
"Fri Oct 29, 2 AM - 3 AM",39 MW,"2,472 MW","2,433 MW","14,470 MW","12,037 MW",84 tonnes,6 g/kWh,64.4%,17.9%,0.9%,16.7%,0.1%,0.0%,"9,323 MW","2,585 MW",134 MW,"2,411 MW",17 MW,0 MW
"Fri Oct 29, 3 AM - 4 AM",57 MW,"2,475 MW","2,418 MW","14,360 MW","11,942 MW",84 tonnes,6 g/kWh,65.0%,17.6%,0.9%,16.4%,0.1%,0.0%,"9,330 MW","2,526 MW",134 MW,"2,353 MW",17 MW,0 MW
"Fri Oct 29, 4 AM - 5 AM",39 MW,"2,459 MW","2,420 MW","14,440 MW","12,020 MW",84 tonnes,6 g/kWh,64.6%,18.0%,0.9%,16.4%,0.1%,0.0%,"9,328 MW","2,596 MW",134 MW,"2,365 MW",17 MW,0 MW
"Fri Oct 29, 5 AM - 6 AM",39 MW,"2,037 MW","1,998 MW","14,517 MW","12,519 MW",84 tonnes,6 g/kWh,64.3%,17.9%,0.9%,16.8%,0.2%,0.0%,"9,330 MW","2,593 MW",134 MW,"2,438 MW",22 MW,0 MW
"Fri Oct 29, 6 AM - 7 AM",707 MW,"1,903 MW","1,196 MW","14,936 MW","13,740 MW",84 tonnes,6 g/kWh,62.4%,18.8%,0.9%,17.6%,0.2%,0.0%,"9,327 MW","2,815 MW",134 MW,"2,633 MW",27 MW,0 MW
"Fri Oct 29, 7 AM - 8 AM","1,103 MW","1,972 MW",869 MW,"15,985 MW","15,116 MW",91 tonnes,6 g/kWh,58.3%,23.2%,0.9%,17.3%,0.2%,0.0%,"9,326 MW","3,713 MW",146 MW,"2,768 MW",32 MW,0 MW
"Fri Oct 29, 8 AM - 9 AM","1,055 MW","2,157 MW","1,102 MW","16,625 MW","15,523 MW",112 tonnes,7 g/kWh,56.1%,26.2%,1.1%,16.3%,0.2%,0.2%,"9,323 MW","4,358 MW",179 MW,"2,702 MW",32 MW,31 MW
"Fri Oct 29, 9 AM - 10 AM",729 MW,"2,187 MW","1,458 MW","16,768 MW","15,310 MW",141 tonnes,8 g/kWh,55.6%,27.4%,1.3%,14.8%,0.2%,0.6%,"9,330 MW","4,593 MW",226 MW,"2,483 MW",32 MW,104 MW
"Fri Oct 29, 10 AM - 11 AM",895 MW,"2,213 MW","1,318 MW","16,582 MW","15,264 MW",165 tonnes,10 g/kWh,56.2%,26.9%,1.6%,14.0%,0.2%,1.0%,"9,325 MW","4,453 MW",273 MW,"2,327 MW",33 MW,171 MW
"Fri Oct 29, 11 AM - 12 PM",645 MW,"1,989 MW","1,344 MW","16,351 MW","15,007 MW",140 tonnes,9 g/kWh,57.0%,25.6%,1.4%,14.6%,0.2%,1.2%,"9,316 MW","4,194 MW",224 MW,"2,384 MW",32 MW,201 MW
"Fri Oct 29, 12 PM - 1 PM",680 MW,"1,898 MW","1,218 MW","16,064 MW","14,846 MW",90 tonnes,6 g/kWh,58.0%,24.1%,0.9%,15.6%,0.2%,1.2%,"9,316 MW","3,870 MW",144 MW,"2,513 MW",32 MW,189 MW
"Fri Oct 29, 1 PM - 2 PM",680 MW,"2,011 MW","1,331 MW","16,073 MW","14,742 MW",116 tonnes,7 g/kWh,58.0%,23.7%,1.2%,16.0%,0.2%,1.1%,"9,315 MW","3,803 MW",185 MW,"2,567 MW",33 MW,170 MW
"Fri Oct 29, 2 PM - 3 PM",747 MW,"2,086 MW","1,339 MW","16,063 MW","14,724 MW",91 tonnes,6 g/kWh,57.9%,21.6%,0.9%,18.5%,0.2%,0.8%,"9,308 MW","3,470 MW",146 MW,"2,973 MW",33 MW,133 MW
"Fri Oct 29, 3 PM - 4 PM",870 MW,"2,228 MW","1,358 MW","16,198 MW","14,840 MW",83 tonnes,5 g/kWh,57.5%,21.8%,0.8%,19.1%,0.2%,0.6%,"9,314 MW","3,525 MW",132 MW,"3,090 MW",33 MW,104 MW
"Fri Oct 29, 4 PM - 5 PM",681 MW,"1,979 MW","1,298 MW","16,512 MW","15,214 MW",94 tonnes,6 g/kWh,56.4%,23.7%,0.9%,18.6%,0.2%,0.2%,"9,315 MW","3,914 MW",150 MW,"3,066 MW",33 MW,34 MW
"Fri Oct 29, 5 PM - 6 PM",869 MW,"2,241 MW","1,372 MW","17,209 MW","15,837 MW",109 tonnes,6 g/kWh,54.2%,25.0%,1.0%,19.6%,0.2%,0.0%,"9,320 MW","4,300 MW",175 MW,"3,377 MW",31 MW,6 MW
"Fri Oct 29, 6 PM - 7 PM",917 MW,"2,215 MW","1,298 MW","17,188 MW","15,890 MW",84 tonnes,5 g/kWh,54.2%,24.5%,0.8%,20.3%,0.2%,0.0%,"9,321 MW","4,213 MW",135 MW,"3,492 MW",27 MW,0 MW
"Fri Oct 29, 7 PM - 8 PM",938 MW,"2,193 MW","1,255 MW","16,811 MW","15,556 MW",83 tonnes,5 g/kWh,55.4%,23.6%,0.8%,20.0%,0.2%,0.0%,"9,319 MW","3,972 MW",133 MW,"3,359 MW",28 MW,0 MW
"Fri Oct 29, 8 PM - 9 PM",376 MW,"2,070 MW","1,694 MW","16,813 MW","15,119 MW",83 tonnes,5 g/kWh,55.4%,24.6%,0.8%,19.0%,0.2%,0.0%,"9,322 MW","4,143 MW",133 MW,"3,187 MW",28 MW,0 MW
"Fri Oct 29, 9 PM - 10 PM",48 MW,"2,276 MW","2,228 MW","16,887 MW","14,659 MW",83 tonnes,5 g/kWh,55.2%,25.1%,0.8%,18.7%,0.2%,0.0%,"9,327 MW","4,240 MW",133 MW,"3,155 MW",32 MW,0 MW
"Fri Oct 29, 10 PM - 11 PM",24 MW,"2,489 MW","2,465 MW","16,291 MW","13,826 MW",87 tonnes,5 g/kWh,57.3%,23.4%,0.9%,18.3%,0.2%,0.0%,"9,330 MW","3,812 MW",139 MW,"2,978 MW",32 MW,0 MW
"Sat Oct 30, 11 PM - 12 AM",9 MW,"2,483 MW","2,474 MW","15,448 MW","12,974 MW",83 tonnes,5 g/kWh,60.4%,21.0%,0.9%,17.5%,0.2%,0.0%,"9,336 MW","3,247 MW",132 MW,"2,707 MW",26 MW,0 MW
"Sat Oct 30, 12 AM - 1 AM",39 MW,"2,349 MW","2,310 MW","14,726 MW","12,416 MW",83 tonnes,6 g/kWh,63.4%,20.4%,0.9%,15.2%,0.1%,0.0%,"9,329 MW","3,011 MW",132 MW,"2,238 MW",16 MW,0 MW
"Sat Oct 30, 1 AM - 2 AM",39 MW,"2,513 MW","2,474 MW","14,429 MW","11,955 MW",83 tonnes,6 g/kWh,64.6%,20.7%,0.9%,13.7%,0.1%,0.0%,"9,326 MW","2,981 MW",133 MW,"1,978 MW",11 MW,0 MW
"Sat Oct 30, 2 AM - 3 AM",70 MW,"2,513 MW","2,443 MW","14,243 MW","11,800 MW",83 tonnes,6 g/kWh,65.4%,20.1%,0.9%,13.6%,0.0%,0.0%,"9,316 MW","2,864 MW",133 MW,"1,930 MW",0 MW,0 MW
"Sat Oct 30, 3 AM - 4 AM",57 MW,"2,321 MW","2,264 MW","13,946 MW","11,682 MW",83 tonnes,6 g/kWh,66.8%,18.7%,0.9%,13.5%,0.0%,0.0%,"9,321 MW","2,611 MW",132 MW,"1,882 MW",0 MW,0 MW
"Sat Oct 30, 4 AM - 5 AM",67 MW,"2,472 MW","2,405 MW","14,067 MW","11,662 MW",88 tonnes,6 g/kWh,66.3%,19.4%,1.0%,13.3%,0.0%,0.0%,"9,323 MW","2,727 MW",145 MW,"1,872 MW",0 MW,0 MW
"Sat Oct 30, 5 AM - 6 AM",73 MW,"2,499 MW","2,426 MW","14,260 MW","11,834 MW",128 tonnes,9 g/kWh,65.4%,20.9%,1.7%,11.9%,0.0%,0.0%,"9,329 MW","2,980 MW",249 MW,"1,702 MW",0 MW,0 MW
"Sat Oct 30, 6 AM - 7 AM",84 MW,"2,149 MW","2,065 MW","14,413 MW","12,348 MW",160 tonnes,11 g/kWh,64.7%,22.5%,2.2%,10.5%,0.0%,0.0%,"9,331 MW","3,243 MW",321 MW,"1,518 MW",0 MW,0 MW
"Sat Oct 30, 7 AM - 8 AM",676 MW,"2,022 MW","1,346 MW","14,565 MW","13,219 MW",230 tonnes,16 g/kWh,64.1%,23.4%,3.5%,9.1%,0.0%,0.0%,"9,332 MW","3,402 MW",503 MW,"1,328 MW",0 MW,0 MW
"Sat Oct 30, 8 AM - 9 AM",970 MW,"1,789 MW",819 MW,"14,810 MW","13,991 MW",342 tonnes,23 g/kWh,63.0%,23.4%,5.3%,8.3%,0.0%,0.0%,"9,329 MW","3,465 MW",783 MW,"1,228 MW",0 MW,5 MW
"Sat Oct 30, 9 AM - 10 AM","1,128 MW","1,767 MW",639 MW,"15,299 MW","14,660 MW",405 tonnes,26 g/kWh,61.0%,25.2%,5.8%,7.8%,0.0%,0.2%,"9,326 MW","3,857 MW",894 MW,"1,189 MW",0 MW,33 MW
"Sat Oct 30, 10 AM - 11 AM","1,083 MW","1,741 MW",658 MW,"15,674 MW","15,016 MW",476 tonnes,30 g/kWh,59.5%,26.5%,6.8%,6.9%,0.0%,0.4%,"9,322 MW","4,150 MW","1,059 MW","1,078 MW",0 MW,65 MW
"Sat Oct 30, 11 AM - 12 PM","1,144 MW","1,687 MW",543 MW,"15,821 MW","15,278 MW",561 tonnes,35 g/kWh,58.9%,27.3%,8.0%,5.3%,0.0%,0.6%,"9,318 MW","4,315 MW","1,260 MW",834 MW,1 MW,93 MW
"Sat Oct 30, 12 PM - 1 PM","1,133 MW","1,642 MW",509 MW,"15,670 MW","15,161 MW",581 tonnes,37 g/kWh,59.5%,27.3%,8.2%,4.2%,0.0%,0.7%,"9,331 MW","4,282 MW","1,290 MW",655 MW,0 MW,112 MW
"Sat Oct 30, 1 PM - 2 PM","1,149 MW","1,352 MW",203 MW,"15,284 MW","15,081 MW",486 tonnes,32 g/kWh,61.2%,27.4%,7.1%,3.7%,0.0%,0.7%,"9,349 MW","4,187 MW","1,081 MW",561 MW,0 MW,106 MW
"Sat Oct 30, 2 PM - 3 PM","1,116 MW","1,547 MW",431 MW,"15,375 MW","14,944 MW",533 tonnes,35 g/kWh,60.8%,27.7%,7.8%,3.1%,0.0%,0.6%,"9,352 MW","4,253 MW","1,206 MW",477 MW,0 MW,87 MW
"Sat Oct 30, 3 PM - 4 PM","1,126 MW","1,777 MW",651 MW,"15,603 MW","14,952 MW",628 tonnes,40 g/kWh,60.0%,27.8%,9.1%,2.6%,0.0%,0.5%,"9,357 MW","4,345 MW","1,424 MW",406 MW,0 MW,71 MW
"Sat Oct 30, 4 PM - 5 PM","1,219 MW","1,831 MW",612 MW,"15,903 MW","15,291 MW",647 tonnes,41 g/kWh,58.8%,29.2%,9.5%,2.2%,0.0%,0.3%,"9,356 MW","4,645 MW","1,503 MW",355 MW,0 MW,44 MW
"Sat Oct 30, 5 PM - 6 PM","1,201 MW","1,605 MW",404 MW,"16,096 MW","15,692 MW",775 tonnes,48 g/kWh,58.1%,28.9%,11.2%,1.7%,0.0%,0.0%,"9,357 MW","4,652 MW","1,799 MW",280 MW,0 MW,8 MW
"Sat Oct 30, 6 PM - 7 PM","1,337 MW","1,519 MW",182 MW,"15,876 MW","15,694 MW",694 tonnes,44 g/kWh,58.9%,29.5%,10.0%,1.6%,0.0%,0.0%,"9,355 MW","4,680 MW","1,582 MW",259 MW,0 MW,0 MW
"Sat Oct 30, 7 PM - 8 PM","1,155 MW","1,473 MW",318 MW,"15,610 MW","15,292 MW",575 tonnes,37 g/kWh,59.9%,29.9%,8.5%,1.8%,0.0%,0.0%,"9,352 MW","4,661 MW","1,321 MW",276 MW,0 MW,0 MW
"Sat Oct 30, 8 PM - 9 PM","1,368 MW","1,850 MW",482 MW,"15,270 MW","14,788 MW",486 tonnes,32 g/kWh,61.2%,29.3%,7.6%,1.9%,0.0%,0.0%,"9,349 MW","4,477 MW","1,156 MW",288 MW,0 MW,0 MW
"Sat Oct 30, 9 PM - 10 PM","1,338 MW","1,979 MW",641 MW,"14,881 MW","14,240 MW",455 tonnes,31 g/kWh,62.8%,28.4%,7.2%,1.5%,0.0%,0.0%,"9,346 MW","4,233 MW","1,076 MW",226 MW,0 MW,0 MW
"Sat Oct 30, 10 PM - 11 PM","1,321 MW","1,806 MW",485 MW,"14,071 MW","13,586 MW",304 tonnes,22 g/kWh,66.4%,27.4%,4.8%,1.4%,0.0%,0.0%,"9,346 MW","3,855 MW",671 MW,199 MW,0 MW,0 MW
"Sun Oct 31, 11 PM - 12 AM","1,355 MW","1,748 MW",393 MW,"13,235 MW","12,842 MW",129 tonnes,10 g/kWh,70.6%,26.1%,1.8%,1.4%,0.1%,0.0%,"9,347 MW","3,452 MW",244 MW,181 MW,11 MW,0 MW
"Sun Oct 31, 12 AM - 1 AM",596 MW,"1,642 MW","1,046 MW","13,286 MW","12,240 MW",100 tonnes,8 g/kWh,70.4%,26.1%,1.3%,2.0%,0.3%,0.0%,"9,352 MW","3,462 MW",172 MW,260 MW,40 MW,0 MW
"Sun Oct 31, 1 AM - 2 AM",326 MW,"1,645 MW","1,319 MW","13,153 MW","11,834 MW",119 tonnes,9 g/kWh,71.1%,24.5%,1.5%,2.5%,0.4%,0.0%,"9,352 MW","3,216 MW",203 MW,331 MW,51 MW,0 MW
"Sun Oct 31, 2 AM - 3 AM",93 MW,"1,737 MW","1,644 MW","13,231 MW","11,587 MW",95 tonnes,7 g/kWh,70.7%,24.9%,1.2%,2.8%,0.4%,0.0%,"9,354 MW","3,296 MW",165 MW,367 MW,49 MW,0 MW
"Sun Oct 31, 3 AM - 4 AM",74 MW,"1,811 MW","1,737 MW","13,198 MW","11,461 MW",95 tonnes,7 g/kWh,70.9%,24.3%,1.3%,3.1%,0.4%,0.0%,"9,360 MW","3,211 MW",165 MW,411 MW,51 MW,0 MW
"Sun Oct 31, 4 AM - 5 AM",118 MW,"1,649 MW","1,531 MW","12,950 MW","11,419 MW",95 tonnes,7 g/kWh,72.3%,22.0%,1.3%,4.1%,0.4%,0.0%,"9,362 MW","2,847 MW",165 MW,526 MW,50 MW,0 MW
"Sun Oct 31, 5 AM - 6 AM",43 MW,"1,709 MW","1,666 MW","13,227 MW","11,561 MW",92 tonnes,7 g/kWh,70.8%,22.3%,1.2%,5.3%,0.3%,0.0%,"9,368 MW","2,954 MW",161 MW,704 MW,40 MW,0 MW
"Sun Oct 31, 6 AM - 7 AM",47 MW,"1,815 MW","1,768 MW","13,635 MW","11,867 MW",116 tonnes,9 g/kWh,68.7%,24.6%,1.5%,5.3%,0.1%,0.0%,"9,363 MW","3,348 MW",199 MW,716 MW,9 MW,0 MW
"Sun Oct 31, 7 AM - 8 AM",287 MW,"1,741 MW","1,454 MW","13,893 MW","12,439 MW",116 tonnes,8 g/kWh,67.5%,25.3%,1.4%,5.5%,0.3%,0.0%,"9,373 MW","3,514 MW",198 MW,760 MW,48 MW,0 MW
"Sun Oct 31, 8 AM - 9 AM",589 MW,"1,816 MW","1,227 MW","14,364 MW","13,137 MW",95 tonnes,7 g/kWh,65.2%,26.8%,1.2%,6.5%,0.3%,0.1%,"9,367 MW","3,843 MW",168 MW,927 MW,50 MW,9 MW
"Sun Oct 31, 9 AM - 10 AM",626 MW,"1,655 MW","1,029 MW","14,672 MW","13,643 MW",94 tonnes,6 g/kWh,63.8%,28.7%,1.1%,5.7%,0.3%,0.3%,"9,363 MW","4,211 MW",163 MW,839 MW,50 MW,46 MW
"Sun Oct 31, 10 AM - 11 AM",715 MW,"1,754 MW","1,039 MW","15,130 MW","14,091 MW",125 tonnes,8 g/kWh,61.9%,28.3%,1.4%,7.6%,0.2%,0.7%,"9,362 MW","4,275 MW",213 MW,"1,145 MW",25 MW,110 MW
"Sun Oct 31, 11 AM - 12 PM",715 MW,"1,569 MW",854 MW,"14,872 MW","14,018 MW",93 tonnes,6 g/kWh,63.0%,26.8%,1.1%,7.9%,0.3%,0.9%,"9,363 MW","3,990 MW",161 MW,"1,180 MW",49 MW,129 MW
"Sun Oct 31, 12 PM - 1 PM",715 MW,"1,651 MW",936 MW,"14,712 MW","13,776 MW",105 tonnes,7 g/kWh,63.6%,24.7%,1.3%,9.0%,0.3%,1.2%,"9,358 MW","3,630 MW",186 MW,"1,320 MW",47 MW,171 MW
"Sun Oct 31, 1 PM - 2 PM",662 MW,"2,047 MW","1,385 MW","14,944 MW","13,559 MW",116 tonnes,8 g/kWh,62.6%,22.5%,1.4%,12.1%,0.3%,1.1%,"9,357 MW","3,358 MW",212 MW,"1,803 MW",47 MW,167 MW
"Sun Oct 31, 2 PM - 3 PM",276 MW,"2,344 MW","2,068 MW","15,476 MW","13,408 MW",122 tonnes,8 g/kWh,60.5%,21.3%,1.4%,15.4%,0.3%,1.0%,"9,362 MW","3,296 MW",220 MW,"2,391 MW",47 MW,160 MW
"Sun Oct 31, 3 PM - 4 PM",9 MW,"2,041 MW","2,032 MW","15,748 MW","13,716 MW",178 tonnes,11 g/kWh,59.4%,21.7%,2.1%,15.7%,0.3%,0.8%,"9,362 MW","3,422 MW",323 MW,"2,473 MW",47 MW,121 MW
"Sun Oct 31, 4 PM - 5 PM",692 MW,"2,145 MW","1,453 MW","15,877 MW","14,424 MW",179 tonnes,11 g/kWh,58.9%,22.3%,2.0%,16.0%,0.3%,0.5%,"9,354 MW","3,538 MW",324 MW,"2,534 MW",47 MW,80 MW
"Sun Oct 31, 5 PM - 6 PM",795 MW,"2,095 MW","1,300 MW","16,180 MW","14,880 MW",179 tonnes,11 g/kWh,57.8%,23.7%,2.0%,16.2%,0.3%,0.0%,"9,347 MW","3,829 MW",325 MW,"2,624 MW",47 MW,8 MW
"Sun Oct 31, 6 PM - 7 PM",907 MW,"2,068 MW","1,161 MW","15,946 MW","14,785 MW",178 tonnes,11 g/kWh,58.6%,23.2%,2.0%,15.8%,0.3%,0.0%,"9,341 MW","3,707 MW",324 MW,"2,527 MW",47 MW,0 MW
"Sun Oct 31, 7 PM - 8 PM",319 MW,"1,886 MW","1,567 MW","16,051 MW","14,484 MW",100 tonnes,6 g/kWh,58.2%,24.0%,1.0%,16.5%,0.3%,0.0%,"9,345 MW","3,845 MW",167 MW,"2,646 MW",48 MW,0 MW
"Sun Oct 31, 8 PM - 9 PM",49 MW,"2,167 MW","2,118 MW","16,442 MW","14,324 MW",81 tonnes,5 g/kWh,56.8%,23.8%,0.8%,18.3%,0.3%,0.0%,"9,347 MW","3,908 MW",129 MW,"3,010 MW",48 MW,0 MW
"Sun Oct 31, 9 PM - 10 PM",42 MW,"2,724 MW","2,682 MW","16,559 MW","13,877 MW",81 tonnes,5 g/kWh,56.5%,20.7%,0.8%,21.8%,0.3%,0.0%,"9,352 MW","3,425 MW",130 MW,"3,605 MW",47 MW,0 MW
"Sun Oct 31, 10 PM - 11 PM",44 MW,"2,754 MW","2,710 MW","15,858 MW","13,148 MW",81 tonnes,5 g/kWh,59.0%,20.5%,0.8%,19.4%,0.3%,0.0%,"9,352 MW","3,256 MW",129 MW,"3,073 MW",48 MW,0 MW
"Mon Nov 1, 11 PM - 12 AM",37 MW,"2,581 MW","2,544 MW","14,943 MW","12,399 MW",81 tonnes,5 g/kWh,62.6%,21.2%,0.9%,15.1%,0.3%,0.0%,"9,349 MW","3,165 MW",129 MW,"2,252 MW",48 MW,0 MW
"Mon Nov 1, 12 AM - 1 AM",77 MW,"2,594 MW","2,517 MW","14,425 MW","11,908 MW",81 tonnes,6 g/kWh,64.8%,21.4%,0.9%,12.6%,0.3%,0.0%,"9,352 MW","3,081 MW",129 MW,"1,815 MW",48 MW,0 MW
"Mon Nov 1, 1 AM - 2 AM",77 MW,"2,770 MW","2,693 MW","14,412 MW","11,719 MW",81 tonnes,6 g/kWh,64.9%,19.7%,0.9%,14.2%,0.3%,0.0%,"9,348 MW","2,835 MW",130 MW,"2,051 MW",48 MW,0 MW
"Mon Nov 1, 2 AM - 3 AM",84 MW,"2,745 MW","2,661 MW","14,272 MW","11,611 MW",86 tonnes,6 g/kWh,65.5%,19.9%,1.0%,13.3%,0.3%,0.0%,"9,347 MW","2,838 MW",142 MW,"1,897 MW",48 MW,0 MW
"Mon Nov 1, 3 AM - 4 AM",95 MW,"2,546 MW","2,451 MW","14,037 MW","11,586 MW",91 tonnes,6 g/kWh,66.6%,20.1%,1.1%,11.8%,0.4%,0.0%,"9,350 MW","2,816 MW",154 MW,"1,657 MW",60 MW,0 MW
"Mon Nov 1, 4 AM - 5 AM",75 MW,"2,548 MW","2,473 MW","14,189 MW","11,716 MW",97 tonnes,7 g/kWh,65.9%,19.8%,1.2%,12.7%,0.5%,0.0%,"9,349 MW","2,806 MW",170 MW,"1,798 MW",66 MW,0 MW
"Mon Nov 1, 5 AM - 6 AM",87 MW,"2,643 MW","2,556 MW","14,895 MW","12,339 MW",106 tonnes,7 g/kWh,62.8%,18.6%,1.3%,16.9%,0.4%,0.0%,"9,348 MW","2,768 MW",192 MW,"2,520 MW",67 MW,0 MW
"Mon Nov 1, 6 AM - 7 AM",360 MW,"2,182 MW","1,822 MW","15,361 MW","13,539 MW",160 tonnes,10 g/kWh,60.9%,18.3%,2.1%,18.1%,0.5%,0.0%,"9,355 MW","2,814 MW",329 MW,"2,787 MW",76 MW,0 MW
"Mon Nov 1, 7 AM - 8 AM",792 MW,"1,931 MW","1,139 MW","16,090 MW","14,951 MW",219 tonnes,14 g/kWh,58.1%,21.3%,2.8%,17.3%,0.5%,0.0%,"9,353 MW","3,434 MW",443 MW,"2,780 MW",80 MW,0 MW
"Mon Nov 1, 8 AM - 9 AM",816 MW,"1,457 MW",641 MW,"16,024 MW","15,383 MW",245 tonnes,15 g/kWh,58.4%,21.3%,3.0%,16.5%,0.5%,0.3%,"9,355 MW","3,412 MW",476 MW,"2,650 MW",80 MW,51 MW
"Mon Nov 1, 9 AM - 10 AM",765 MW,"1,724 MW",959 MW,"15,942 MW","14,983 MW",160 tonnes,10 g/kWh,58.7%,22.7%,2.0%,14.9%,0.5%,1.2%,"9,356 MW","3,614 MW",323 MW,"2,377 MW",80 MW,192 MW
"Mon Nov 1, 10 AM - 11 AM",587 MW,"1,947 MW","1,360 MW","15,952 MW","14,592 MW",154 tonnes,10 g/kWh,58.6%,23.0%,2.0%,14.2%,0.5%,1.6%,"9,354 MW","3,670 MW",314 MW,"2,272 MW",81 MW,261 MW
"Mon Nov 1, 11 AM - 12 PM",72 MW,"2,052 MW","1,980 MW","16,438 MW","14,458 MW",184 tonnes,11 g/kWh,56.9%,22.1%,2.4%,16.6%,0.5%,1.6%,"9,353 MW","3,633 MW",391 MW,"2,722 MW",82 MW,257 MW
"Mon Nov 1, 12 PM - 1 PM",131 MW,"2,105 MW","1,974 MW","16,435 MW","14,461 MW",199 tonnes,12 g/kWh,56.8%,21.4%,2.6%,17.1%,0.6%,1.6%,"9,340 MW","3,519 MW",421 MW,"2,805 MW",95 MW,255 MW
"Mon Nov 1, 1 PM - 2 PM",55 MW,"2,169 MW","2,114 MW","16,626 MW","14,512 MW",221 tonnes,13 g/kWh,56.2%,21.6%,2.9%,17.5%,0.6%,1.3%,"9,337 MW","3,587 MW",475 MW,"2,915 MW",96 MW,216 MW
"Mon Nov 1, 2 PM - 3 PM",75 MW,"2,098 MW","2,023 MW","16,696 MW","14,673 MW",359 tonnes,22 g/kWh,55.9%,21.8%,4.9%,15.1%,0.6%,1.6%,"9,331 MW","3,638 MW",825 MW,"2,525 MW",107 MW,270 MW
"Mon Nov 1, 3 PM - 4 PM",94 MW,"2,005 MW","1,911 MW","16,822 MW","14,911 MW",403 tonnes,24 g/kWh,55.5%,22.3%,5.6%,14.9%,0.6%,1.2%,"9,330 MW","3,744 MW",945 MW,"2,500 MW",106 MW,197 MW
"Mon Nov 1, 4 PM - 5 PM",539 MW,"1,706 MW","1,167 MW","16,847 MW","15,680 MW",470 tonnes,28 g/kWh,55.4%,23.1%,6.6%,14.0%,0.4%,0.5%,"9,331 MW","3,885 MW","1,117 MW","2,360 MW",63 MW,91 MW
"Mon Nov 1, 5 PM - 6 PM","1,195 MW","1,820 MW",625 MW,"16,864 MW","16,239 MW",516 tonnes,31 g/kWh,55.3%,24.4%,7.3%,12.6%,0.3%,0.1%,"9,329 MW","4,114 MW","1,229 MW","2,118 MW",54 MW,20 MW
"Mon Nov 1, 6 PM - 7 PM","1,245 MW","1,612 MW",367 MW,"17,140 MW","16,773 MW",693 tonnes,40 g/kWh,54.4%,24.7%,9.6%,11.0%,0.3%,0.0%,"9,327 MW","4,238 MW","1,639 MW","1,893 MW",43 MW,0 MW
"Mon Nov 1, 7 PM - 8 PM","1,276 MW","1,329 MW",53 MW,"16,894 MW","16,841 MW",518 tonnes,31 g/kWh,55.2%,24.9%,7.2%,12.5%,0.2%,0.0%,"9,325 MW","4,201 MW","1,224 MW","2,111 MW",33 MW,0 MW
"Mon Nov 1, 8 PM - 9 PM","1,222 MW","1,506 MW",284 MW,"16,461 MW","16,177 MW",472 tonnes,29 g/kWh,56.6%,22.7%,6.9%,13.6%,0.2%,0.0%,"9,318 MW","3,736 MW","1,131 MW","2,244 MW",32 MW,0 MW
"Mon Nov 1, 9 PM - 10 PM","1,253 MW","1,701 MW",448 MW,"15,963 MW","15,515 MW",312 tonnes,20 g/kWh,58.4%,23.8%,4.5%,13.1%,0.2%,0.0%,"9,324 MW","3,798 MW",724 MW,"2,085 MW",32 MW,0 MW
"Mon Nov 1, 10 PM - 11 PM","1,167 MW","1,775 MW",608 MW,"15,291 MW","14,683 MW",100 tonnes,7 g/kWh,60.9%,22.3%,1.2%,15.5%,0.2%,0.0%,"9,305 MW","3,407 MW",177 MW,"2,370 MW",32 MW,0 MW
"Tue Nov 2, 11 PM - 12 AM",548 MW,"1,832 MW","1,284 MW","14,977 MW","13,693 MW",82 tonnes,5 g/kWh,62.3%,22.5%,0.9%,14.2%,0.1%,0.0%,"9,331 MW","3,365 MW",131 MW,"2,130 MW",20 MW,0 MW
"Tue Nov 2, 12 AM - 1 AM",97 MW,"1,850 MW","1,753 MW","14,734 MW","12,981 MW",81 tonnes,6 g/kWh,63.3%,21.4%,0.9%,14.3%,0.1%,0.0%,"9,330 MW","3,155 MW",130 MW,"2,101 MW",18 MW,0 MW
"Tue Nov 2, 1 AM - 2 AM",97 MW,"1,850 MW","1,753 MW","14,432 MW","12,679 MW",82 tonnes,6 g/kWh,64.7%,20.1%,0.9%,14.1%,0.1%,0.0%,"9,340 MW","2,907 MW",132 MW,"2,035 MW",18 MW,0 MW
"Tue Nov 2, 2 AM - 3 AM",97 MW,"1,862 MW","1,765 MW","14,281 MW","12,516 MW",95 tonnes,7 g/kWh,65.4%,19.3%,1.2%,14.0%,0.1%,0.0%,"9,343 MW","2,752 MW",167 MW,"2,000 MW",19 MW,0 MW
"Tue Nov 2, 3 AM - 4 AM",97 MW,"1,892 MW","1,795 MW","14,321 MW","12,526 MW",109 tonnes,8 g/kWh,65.3%,20.0%,1.4%,13.2%,0.1%,0.0%,"9,349 MW","2,869 MW",200 MW,"1,885 MW",18 MW,0 MW
"Tue Nov 2, 4 AM - 5 AM",97 MW,"2,375 MW","2,278 MW","14,920 MW","12,642 MW",225 tonnes,15 g/kWh,62.7%,21.2%,3.0%,13.1%,0.1%,0.0%,"9,351 MW","3,157 MW",446 MW,"1,948 MW",18 MW,0 MW
"Tue Nov 2, 5 AM - 6 AM",425 MW,"2,052 MW","1,627 MW","14,788 MW","13,161 MW",301 tonnes,20 g/kWh,63.2%,18.9%,4.5%,13.2%,0.1%,0.0%,"9,353 MW","2,789 MW",669 MW,"1,957 MW",20 MW,0 MW
"Tue Nov 2, 6 AM - 7 AM","1,091 MW","1,983 MW",892 MW,"15,256 MW","14,364 MW",470 tonnes,31 g/kWh,61.3%,18.7%,7.0%,12.9%,0.2%,0.0%,"9,351 MW","2,852 MW","1,065 MW","1,962 MW",26 MW,0 MW
"Tue Nov 2, 7 AM - 8 AM","1,053 MW","1,928 MW",875 MW,"16,634 MW","15,759 MW",562 tonnes,34 g/kWh,56.2%,21.9%,7.7%,13.9%,0.2%,0.0%,"9,353 MW","3,651 MW","1,282 MW","2,316 MW",32 MW,0 MW
"Tue Nov 2, 8 AM - 9 AM",995 MW,"1,918 MW",923 MW,"17,022 MW","16,099 MW",662 tonnes,39 g/kWh,55.0%,22.9%,8.7%,13.0%,0.2%,0.1%,"9,362 MW","3,905 MW","1,483 MW","2,218 MW",32 MW,22 MW
"Tue Nov 2, 9 AM - 10 AM",552 MW,"1,831 MW","1,279 MW","17,127 MW","15,848 MW",712 tonnes,42 g/kWh,54.7%,24.4%,9.4%,10.5%,0.2%,0.8%,"9,364 MW","4,181 MW","1,610 MW","1,805 MW",31 MW,136 MW
"Tue Nov 2, 10 AM - 11 AM",190 MW,"2,045 MW","1,855 MW","17,240 MW","15,385 MW",708 tonnes,41 g/kWh,54.3%,24.6%,9.3%,10.3%,0.2%,1.4%,"9,366 MW","4,234 MW","1,596 MW","1,769 MW",32 MW,243 MW
"Tue Nov 2, 11 AM - 12 PM",22 MW,"2,011 MW","1,989 MW","17,341 MW","15,352 MW",610 tonnes,35 g/kWh,54.0%,23.1%,8.0%,12.9%,0.2%,1.8%,"9,370 MW","4,000 MW","1,393 MW","2,235 MW",36 MW,307 MW
"Tue Nov 2, 12 PM - 1 PM",304 MW,"2,027 MW","1,723 MW","16,932 MW","15,209 MW",453 tonnes,27 g/kWh,55.3%,22.5%,6.2%,13.9%,0.3%,1.8%,"9,369 MW","3,812 MW","1,045 MW","2,353 MW",50 MW,303 MW
"Tue Nov 2, 1 PM - 2 PM",128 MW,"2,340 MW","2,212 MW","17,463 MW","15,251 MW",515 tonnes,29 g/kWh,53.7%,24.5%,6.8%,13.5%,0.3%,1.3%,"9,369 MW","4,279 MW","1,186 MW","2,353 MW",50 MW,226 MW
"Tue Nov 2, 2 PM - 3 PM",439 MW,"2,532 MW","2,093 MW","17,467 MW","15,374 MW",621 tonnes,36 g/kWh,53.6%,23.5%,8.3%,13.2%,0.3%,1.2%,"9,370 MW","4,101 MW","1,442 MW","2,301 MW",44 MW,209 MW
"Tue Nov 2, 3 PM - 4 PM",629 MW,"2,504 MW","1,875 MW","17,189 MW","15,314 MW",669 tonnes,39 g/kWh,54.5%,24.0%,9.3%,11.1%,0.2%,0.9%,"9,372 MW","4,129 MW","1,603 MW","1,904 MW",34 MW,147 MW
"Tue Nov 2, 4 PM - 5 PM",873 MW,"2,025 MW","1,152 MW","17,248 MW","16,096 MW",755 tonnes,44 g/kWh,54.3%,23.9%,10.4%,10.9%,0.2%,0.3%,"9,374 MW","4,124 MW","1,789 MW","1,873 MW",32 MW,56 MW
"Tue Nov 2, 5 PM - 6 PM","1,182 MW","1,931 MW",749 MW,"17,445 MW","16,696 MW",734 tonnes,42 g/kWh,53.7%,25.7%,10.0%,10.3%,0.2%,0.1%,"9,371 MW","4,475 MW","1,751 MW","1,796 MW",32 MW,20 MW
"Tue Nov 2, 6 PM - 7 PM","1,242 MW","2,022 MW",780 MW,"17,820 MW","17,040 MW",764 tonnes,43 g/kWh,52.6%,27.1%,10.2%,9.9%,0.2%,0.0%,"9,376 MW","4,821 MW","1,819 MW","1,772 MW",32 MW,0 MW
"Tue Nov 2, 7 PM - 8 PM","1,222 MW","1,804 MW",582 MW,"17,565 MW","16,983 MW",750 tonnes,43 g/kWh,53.4%,26.7%,10.1%,9.6%,0.2%,0.0%,"9,377 MW","4,695 MW","1,782 MW","1,679 MW",32 MW,0 MW
"Tue Nov 2, 8 PM - 9 PM","1,266 MW","1,849 MW",583 MW,"17,187 MW","16,604 MW",661 tonnes,38 g/kWh,54.6%,26.2%,9.0%,10.1%,0.2%,0.0%,"9,380 MW","4,495 MW","1,550 MW","1,730 MW",32 MW,0 MW
"Tue Nov 2, 9 PM - 10 PM","1,175 MW","1,680 MW",505 MW,"16,470 MW","15,965 MW",372 tonnes,23 g/kWh,57.0%,26.0%,4.9%,11.9%,0.2%,0.0%,"9,382 MW","4,278 MW",813 MW,"1,965 MW",32 MW,0 MW
"Tue Nov 2, 10 PM - 11 PM","1,151 MW","1,665 MW",514 MW,"15,499 MW","14,985 MW",149 tonnes,10 g/kWh,60.5%,25.0%,1.9%,12.4%,0.2%,0.0%,"9,382 MW","3,869 MW",288 MW,"1,928 MW",32 MW,0 MW
"Wed Nov 3, 11 PM - 12 AM",699 MW,"1,913 MW","1,214 MW","15,167 MW","13,953 MW",84 tonnes,6 g/kWh,61.9%,24.5%,0.9%,12.6%,0.1%,0.0%,"9,386 MW","3,719 MW",135 MW,"1,907 MW",20 MW,0 MW
"Wed Nov 3, 12 AM - 1 AM",592 MW,"2,468 MW","1,876 MW","15,225 MW","13,349 MW",84 tonnes,6 g/kWh,61.7%,25.7%,0.9%,11.6%,0.1%,0.0%,"9,391 MW","3,912 MW",134 MW,"1,769 MW",19 MW,0 MW
"Wed Nov 3, 1 AM - 2 AM",542 MW,"2,465 MW","1,923 MW","14,908 MW","12,985 MW",118 tonnes,8 g/kWh,63.0%,24.8%,1.3%,10.8%,0.1%,0.0%,"9,389 MW","3,696 MW",190 MW,"1,612 MW",21 MW,0 MW
"Wed Nov 3, 2 AM - 3 AM",303 MW,"2,591 MW","2,288 MW","14,963 MW","12,675 MW",192 tonnes,13 g/kWh,62.7%,25.0%,2.2%,9.9%,0.2%,0.0%,"9,389 MW","3,741 MW",322 MW,"1,485 MW",26 MW,0 MW
"Wed Nov 3, 3 AM - 4 AM",343 MW,"2,525 MW","2,182 MW","14,888 MW","12,706 MW",342 tonnes,23 g/kWh,63.1%,23.8%,4.4%,8.5%,0.2%,0.0%,"9,391 MW","3,547 MW",653 MW,"1,268 MW",29 MW,0 MW
"Wed Nov 3, 4 AM - 5 AM",100 MW,"2,323 MW","2,223 MW","15,173 MW","12,950 MW",535 tonnes,35 g/kWh,61.8%,22.8%,7.4%,7.8%,0.2%,0.0%,"9,383 MW","3,452 MW","1,127 MW","1,182 MW",29 MW,0 MW
"Wed Nov 3, 5 AM - 6 AM",478 MW,"2,434 MW","1,956 MW","15,261 MW","13,305 MW",751 tonnes,49 g/kWh,61.6%,20.8%,11.2%,6.2%,0.2%,0.0%,"9,397 MW","3,176 MW","1,706 MW",944 MW,38 MW,0 MW
"Wed Nov 3, 6 AM - 7 AM",642 MW,"2,035 MW","1,393 MW","16,074 MW","14,681 MW",868 tonnes,54 g/kWh,58.5%,23.1%,12.5%,5.6%,0.3%,0.0%,"9,396 MW","3,717 MW","2,016 MW",904 MW,41 MW,0 MW
"Wed Nov 3, 7 AM - 8 AM",0 MW,"1,944 MW","1,944 MW","18,033 MW","16,089 MW","1,283 tonnes",71 g/kWh,52.1%,26.3%,16.4%,4.9%,0.2%,0.0%,"9,401 MW","4,745 MW","2,953 MW",889 MW,45 MW,0 MW
"Wed Nov 3, 8 AM - 9 AM",119 MW,"1,628 MW","1,509 MW","18,050 MW","16,541 MW","1,313 tonnes",73 g/kWh,52.1%,26.2%,16.8%,4.5%,0.2%,0.1%,"9,399 MW","4,735 MW","3,038 MW",810 MW,44 MW,24 MW
"Wed Nov 3, 9 AM - 10 AM",109 MW,"1,593 MW","1,484 MW","17,808 MW","16,324 MW","1,325 tonnes",74 g/kWh,52.8%,25.7%,17.3%,3.2%,0.2%,0.8%,"9,400 MW","4,572 MW","3,087 MW",571 MW,44 MW,134 MW
"Wed Nov 3, 10 AM - 11 AM",388 MW,"1,536 MW","1,148 MW","17,134 MW","15,986 MW","1,083 tonnes",63 g/kWh,54.9%,25.3%,14.9%,3.3%,0.3%,1.3%,"9,399 MW","4,339 MW","2,555 MW",572 MW,46 MW,223 MW
"Wed Nov 3, 11 AM - 12 PM",648 MW,"1,741 MW","1,093 MW","16,658 MW","15,565 MW",955 tonnes,57 g/kWh,56.4%,23.2%,14.0%,4.3%,0.3%,1.7%,"9,399 MW","3,861 MW","2,337 MW",722 MW,48 MW,291 MW
"Wed Nov 3, 12 PM - 1 PM",598 MW,"1,720 MW","1,122 MW","16,311 MW","15,189 MW",934 tonnes,57 g/kWh,57.6%,22.0%,14.1%,4.2%,0.3%,1.8%,"9,396 MW","3,586 MW","2,308 MW",683 MW,47 MW,291 MW
"Wed Nov 3, 1 PM - 2 PM",221 MW,"1,597 MW","1,376 MW","16,550 MW","15,174 MW",933 tonnes,56 g/kWh,56.8%,22.4%,14.3%,4.7%,0.3%,1.5%,"9,401 MW","3,710 MW","2,362 MW",786 MW,45 MW,246 MW
"Wed Nov 3, 2 PM - 3 PM",445 MW,"1,684 MW","1,239 MW","16,769 MW","15,530 MW",937 tonnes,56 g/kWh,56.1%,23.4%,14.7%,4.4%,0.3%,1.1%,"9,402 MW","3,921 MW","2,469 MW",741 MW,44 MW,192 MW
"Wed Nov 3, 3 PM - 4 PM",531 MW,"1,740 MW","1,209 MW","16,977 MW","15,768 MW",967 tonnes,57 g/kWh,55.3%,24.6%,15.4%,3.8%,0.2%,0.7%,"9,396 MW","4,174 MW","2,609 MW",638 MW,39 MW,121 MW
"Wed Nov 3, 4 PM - 5 PM","1,053 MW","1,827 MW",774 MW,"17,174 MW","16,400 MW","1,048 tonnes",61 g/kWh,54.7%,25.5%,16.4%,2.8%,0.2%,0.4%,"9,397 MW","4,379 MW","2,815 MW",483 MW,39 MW,61 MW
"Wed Nov 3, 5 PM - 6 PM",698 MW,"1,831 MW","1,133 MW","18,155 MW","17,022 MW","1,322 tonnes",73 g/kWh,51.7%,26.7%,19.4%,1.8%,0.2%,0.1%,"9,395 MW","4,847 MW","3,530 MW",330 MW,33 MW,20 MW
"Wed Nov 3, 6 PM - 7 PM",598 MW,"1,657 MW","1,059 MW","18,434 MW","17,375 MW","1,468 tonnes",80 g/kWh,51.0%,26.4%,21.2%,1.3%,0.1%,0.0%,"9,395 MW","4,872 MW","3,905 MW",236 MW,26 MW,0 MW
"Wed Nov 3, 7 PM - 8 PM","1,053 MW","1,602 MW",549 MW,"17,943 MW","17,394 MW","1,353 tonnes",75 g/kWh,52.3%,26.7%,19.6%,1.2%,0.2%,0.0%,"9,391 MW","4,793 MW","3,520 MW",212 MW,27 MW,0 MW
"Wed Nov 3, 8 PM - 9 PM","1,044 MW","1,415 MW",371 MW,"17,376 MW","17,005 MW","1,219 tonnes",70 g/kWh,54.1%,26.2%,18.2%,1.3%,0.1%,0.0%,"9,393 MW","4,559 MW","3,165 MW",233 MW,26 MW,0 MW
"Wed Nov 3, 9 PM - 10 PM","1,108 MW","1,410 MW",302 MW,"16,592 MW","16,290 MW","1,052 tonnes",63 g/kWh,56.6%,26.7%,15.1%,1.4%,0.2%,0.0%,"9,396 MW","4,435 MW","2,507 MW",225 MW,29 MW,0 MW
"Wed Nov 3, 10 PM - 11 PM","1,167 MW","1,434 MW",267 MW,"15,585 MW","15,318 MW",800 tonnes,51 g/kWh,60.3%,25.9%,12.4%,1.2%,0.2%,0.0%,"9,396 MW","4,030 MW","1,938 MW",189 MW,32 MW,0 MW
"Thu Nov 4, 11 PM - 12 AM","1,129 MW","1,366 MW",237 MW,"14,513 MW","14,276 MW",450 tonnes,31 g/kWh,64.7%,26.2%,7.6%,1.4%,0.1%,0.0%,"9,393 MW","3,801 MW","1,100 MW",198 MW,21 MW,0 MW
"Thu Nov 4, 12 AM - 1 AM","1,086 MW","1,998 MW",912 MW,"14,566 MW","13,654 MW",400 tonnes,27 g/kWh,64.5%,27.1%,6.7%,1.6%,0.1%,0.0%,"9,391 MW","3,948 MW",982 MW,229 MW,16 MW,0 MW
"Thu Nov 4, 1 AM - 2 AM",738 MW,"2,048 MW","1,310 MW","14,554 MW","13,244 MW",422 tonnes,29 g/kWh,64.5%,26.0%,7.1%,2.3%,0.1%,0.0%,"9,394 MW","3,784 MW","1,029 MW",332 MW,15 MW,0 MW
"Thu Nov 4, 2 AM - 3 AM",710 MW,"2,100 MW","1,390 MW","14,476 MW","13,086 MW",419 tonnes,29 g/kWh,64.9%,25.7%,7.0%,2.3%,0.1%,0.0%,"9,397 MW","3,715 MW","1,013 MW",336 MW,15 MW,0 MW
"Thu Nov 4, 3 AM - 4 AM",610 MW,"2,100 MW","1,490 MW","14,537 MW","13,047 MW",468 tonnes,32 g/kWh,64.7%,25.4%,7.9%,1.9%,0.1%,0.0%,"9,401 MW","3,689 MW","1,149 MW",283 MW,15 MW,0 MW
"Thu Nov 4, 4 AM - 5 AM",606 MW,"2,043 MW","1,437 MW","14,647 MW","13,210 MW",539 tonnes,37 g/kWh,64.2%,24.5%,9.1%,2.1%,0.1%,0.0%,"9,399 MW","3,590 MW","1,328 MW",314 MW,16 MW,0 MW
"Thu Nov 4, 5 AM - 6 AM","1,195 MW","2,281 MW","1,086 MW","14,913 MW","13,827 MW",671 tonnes,45 g/kWh,63.0%,23.7%,10.9%,2.2%,0.1%,0.0%,"9,402 MW","3,534 MW","1,629 MW",327 MW,21 MW,0 MW
"Thu Nov 4, 6 AM - 7 AM",740 MW,"1,843 MW","1,103 MW","16,132 MW","15,029 MW","1,015 tonnes",63 g/kWh,58.3%,24.7%,14.9%,1.9%,0.2%,0.0%,"9,408 MW","3,977 MW","2,409 MW",311 MW,27 MW,0 MW
"Thu Nov 4, 7 AM - 8 AM",32 MW,"1,506 MW","1,474 MW","17,909 MW","16,435 MW","1,448 tonnes",81 g/kWh,52.5%,26.5%,19.4%,1.4%,0.2%,0.0%,"9,405 MW","4,747 MW","3,474 MW",251 MW,31 MW,1 MW
"Thu Nov 4, 8 AM - 9 AM",10 MW,"1,338 MW","1,328 MW","18,094 MW","16,766 MW","1,513 tonnes",84 g/kWh,52.0%,25.6%,20.7%,1.5%,0.2%,0.1%,"9,403 MW","4,624 MW","3,749 MW",272 MW,31 MW,15 MW
"Thu Nov 4, 9 AM - 10 AM",9 MW,"1,448 MW","1,439 MW","17,969 MW","16,530 MW","1,386 tonnes",77 g/kWh,52.4%,26.2%,19.6%,1.4%,0.2%,0.4%,"9,409 MW","4,703 MW","3,513 MW",246 MW,31 MW,67 MW
"Thu Nov 4, 10 AM - 11 AM",100 MW,"1,531 MW","1,431 MW","17,549 MW","16,118 MW","1,219 tonnes",69 g/kWh,53.6%,26.0%,18.1%,1.4%,0.2%,0.7%,"9,402 MW","4,564 MW","3,181 MW",250 MW,31 MW,121 MW
"Thu Nov 4, 11 AM - 12 PM",443 MW,"1,584 MW","1,141 MW","16,845 MW","15,704 MW","1,051 tonnes",62 g/kWh,55.8%,25.4%,16.1%,1.5%,0.2%,1.1%,"9,395 MW","4,271 MW","2,718 MW",250 MW,32 MW,179 MW
"Thu Nov 4, 12 PM - 1 PM",731 MW,"1,557 MW",826 MW,"16,454 MW","15,628 MW",895 tonnes,54 g/kWh,57.1%,25.1%,14.6%,1.9%,0.2%,1.1%,"9,393 MW","4,126 MW","2,405 MW",311 MW,32 MW,187 MW
"Thu Nov 4, 1 PM - 2 PM",508 MW,"1,469 MW",961 MW,"16,750 MW","15,789 MW","1,027 tonnes",61 g/kWh,56.1%,24.0%,16.5%,2.0%,0.2%,1.2%,"9,395 MW","4,023 MW","2,762 MW",337 MW,32 MW,201 MW
"Thu Nov 4, 2 PM - 3 PM",491 MW,"1,428 MW",937 MW,"16,612 MW","15,675 MW",965 tonnes,58 g/kWh,56.5%,23.9%,16.3%,2.0%,0.2%,1.1%,"9,394 MW","3,962 MW","2,702 MW",334 MW,29 MW,191 MW
"Thu Nov 4, 3 PM - 4 PM","1,122 MW","1,402 MW",280 MW,"16,377 MW","16,097 MW",833 tonnes,51 g/kWh,57.4%,24.2%,15.7%,1.9%,0.2%,0.6%,"9,393 MW","3,968 MW","2,573 MW",311 MW,26 MW,106 MW
"Thu Nov 4, 4 PM - 5 PM",728 MW,"1,417 MW",689 MW,"17,207 MW","16,518 MW","1,053 tonnes",61 g/kWh,54.6%,25.6%,17.8%,1.5%,0.2%,0.4%,"9,393 MW","4,405 MW","3,059 MW",261 MW,26 MW,63 MW
"Thu Nov 4, 5 PM - 6 PM",223 MW,"1,602 MW","1,379 MW","18,486 MW","17,107 MW","1,404 tonnes",76 g/kWh,50.8%,26.3%,21.8%,0.8%,0.1%,0.1%,"9,394 MW","4,858 MW","4,037 MW",157 MW,26 MW,14 MW
"Thu Nov 4, 6 PM - 7 PM",123 MW,"1,608 MW","1,485 MW","18,942 MW","17,457 MW","1,545 tonnes",82 g/kWh,49.6%,25.5%,24.0%,0.8%,0.1%,0.0%,"9,388 MW","4,835 MW","4,539 MW",153 MW,27 MW,0 MW
"Thu Nov 4, 7 PM - 8 PM",264 MW,"1,638 MW","1,374 MW","18,731 MW","17,357 MW","1,483 tonnes",79 g/kWh,50.2%,25.5%,23.4%,0.8%,0.1%,0.0%,"9,394 MW","4,768 MW","4,383 MW",159 MW,27 MW,0 MW
"Thu Nov 4, 8 PM - 9 PM",389 MW,"1,440 MW","1,051 MW","18,063 MW","17,012 MW","1,341 tonnes",74 g/kWh,52.0%,25.3%,21.5%,1.0%,0.2%,0.0%,"9,394 MW","4,575 MW","3,887 MW",176 MW,31 MW,0 MW
"Thu Nov 4, 9 PM - 10 PM","1,029 MW","1,380 MW",351 MW,"16,835 MW","16,484 MW",909 tonnes,54 g/kWh,55.8%,26.8%,16.2%,1.0%,0.2%,0.0%,"9,390 MW","4,509 MW","2,729 MW",174 MW,33 MW,0 MW
"Thu Nov 4, 10 PM - 11 PM","1,166 MW","1,592 MW",426 MW,"15,983 MW","15,557 MW",757 tonnes,47 g/kWh,58.7%,26.6%,13.2%,1.4%,0.2%,0.0%,"9,382 MW","4,250 MW","2,102 MW",218 MW,31 MW,0 MW
"Fri Nov 5, 11 PM - 12 AM","1,152 MW","1,562 MW",410 MW,"14,971 MW","14,561 MW",562 tonnes,38 g/kWh,62.8%,26.3%,9.1%,1.7%,0.1%,0.0%,"9,395 MW","3,935 MW","1,365 MW",256 MW,20 MW,0 MW
"Fri Nov 5, 12 AM - 1 AM","1,182 MW","1,732 MW",550 MW,"14,364 MW","13,814 MW",388 tonnes,27 g/kWh,65.4%,26.1%,6.2%,2.2%,0.1%,0.0%,"9,396 MW","3,746 MW",897 MW,309 MW,16 MW,0 MW
"Fri Nov 5, 1 AM - 2 AM","1,140 MW","1,717 MW",577 MW,"14,019 MW","13,442 MW",408 tonnes,29 g/kWh,67.0%,23.5%,6.8%,2.5%,0.1%,0.0%,"9,397 MW","3,294 MW",957 MW,355 MW,16 MW,0 MW
"Fri Nov 5, 2 AM - 3 AM","1,140 MW","1,745 MW",605 MW,"13,812 MW","13,207 MW",360 tonnes,26 g/kWh,68.0%,23.2%,6.0%,2.6%,0.1%,0.0%,"9,399 MW","3,205 MW",831 MW,361 MW,16 MW,0 MW
"Fri Nov 5, 3 AM - 4 AM","1,140 MW","1,959 MW",819 MW,"13,974 MW","13,155 MW",480 tonnes,34 g/kWh,67.2%,21.4%,8.0%,3.2%,0.1%,0.0%,"9,397 MW","2,991 MW","1,120 MW",450 MW,16 MW,0 MW
"Fri Nov 5, 4 AM - 5 AM",535 MW,"1,875 MW","1,340 MW","14,515 MW","13,175 MW",626 tonnes,43 g/kWh,64.8%,21.1%,10.6%,3.4%,0.1%,0.0%,"9,400 MW","3,059 MW","1,545 MW",493 MW,18 MW,0 MW
"Fri Nov 5, 5 AM - 6 AM",969 MW,"2,242 MW","1,273 MW","14,890 MW","13,617 MW",762 tonnes,51 g/kWh,62.7%,21.4%,13.4%,2.4%,0.1%,0.0%,"9,332 MW","3,185 MW","1,989 MW",362 MW,22 MW,0 MW
"Fri Nov 5, 6 AM - 7 AM",46 MW,"1,677 MW","1,631 MW","16,264 MW","14,633 MW","1,174 tonnes",72 g/kWh,52.8%,26.0%,18.9%,2.1%,0.2%,0.0%,"8,594 MW","4,234 MW","3,073 MW",336 MW,27 MW,0 MW
"Fri Nov 5, 7 AM - 8 AM",9 MW,"1,137 MW","1,128 MW","17,499 MW","16,371 MW","1,434 tonnes",82 g/kWh,49.1%,27.5%,21.3%,2.0%,0.2%,0.0%,"8,598 MW","4,806 MW","3,722 MW",342 MW,31 MW,0 MW
"Fri Nov 5, 8 AM - 9 AM",9 MW,662 MW,653 MW,"17,446 MW","16,793 MW","1,400 tonnes",80 g/kWh,49.3%,27.2%,21.0%,2.1%,0.2%,0.2%,"8,609 MW","4,746 MW","3,667 MW",360 MW,37 MW,27 MW
"Fri Nov 5, 9 AM - 10 AM",315 MW,"1,580 MW","1,265 MW","17,574 MW","16,309 MW","1,251 tonnes",71 g/kWh,51.3%,26.6%,18.7%,2.5%,0.2%,0.7%,"9,018 MW","4,677 MW","3,282 MW",447 MW,31 MW,119 MW
"Fri Nov 5, 10 AM - 11 AM",821 MW,"1,677 MW",856 MW,"16,668 MW","15,812 MW",857 tonnes,51 g/kWh,55.5%,26.0%,14.0%,3.1%,0.2%,1.3%,"9,248 MW","4,329 MW","2,337 MW",509 MW,31 MW,214 MW
"Fri Nov 5, 11 AM - 12 PM",260 MW,"1,660 MW","1,400 MW","16,614 MW","15,214 MW",823 tonnes,50 g/kWh,56.1%,25.3%,13.5%,3.1%,0.2%,1.8%,"9,323 MW","4,204 MW","2,244 MW",510 MW,41 MW,292 MW
"Fri Nov 5, 12 PM - 1 PM",409 MW,"1,730 MW","1,321 MW","16,290 MW","14,969 MW",720 tonnes,44 g/kWh,57.6%,25.5%,10.9%,3.8%,0.3%,1.9%,"9,384 MW","4,149 MW","1,783 MW",617 MW,44 MW,313 MW
